review_id,sentiment_score,review_length,exclamation_count,exclamation_ratio,capital_ratio,avg_word_length,readability_score
0,0.2761666666666666,105,0,0.0,0.02947845804988662,4.438095238095238,71.85026785714287
1,0.32168650793650794,45,0,0.0,0.048672566371681415,5.333333333333333,63.00181818181821
2,0.19488095238095235,207,0,0.0,0.032520325203252036,4.328502415458937,62.92478260869568
3,0.27999999999999997,127,2,0.015748031496062992,0.025,4.559055118110236,63.85149606299214
4,0.4290476190476191,72,0,0.0,0.029605263157894735,4.319444444444445,72.369
5,0.22604166666666672,183,3,0.01639344262295082,0.023142509135200974,4.693989071038251,57.115191011235964
6,0.31043956043956045,118,0,0.0,0.038314176245210725,4.610169491525424,63.18430743243246
7,0.35037433155080216,131,1,0.007633587786259542,0.03590664272890485,4.511450381679389,72.04498265093686
8,0.105978835978836,164,0,0.0,0.04126984126984127,3.981707317073171,82.76571544715449
9,0.3881547619047619,86,1,0.011627906976744186,0.05235602094240838,4.627906976744186,57.667857142857144
10,0.3847999338624339,298,3,0.010067114093959731,0.02764612954186414,4.449664429530201,63.1069425087108
11,0.3770588235294118,105,1,0.009523809523809525,0.026004728132387706,4.171428571428572,35.91321428571432
12,0.1820214285714286,306,3,0.00980392156862745,0.03175965665236052,4.104575163398692,86.0687456140351
13,0.2726190476190476,95,0,0.0,0.03194103194103194,4.3578947368421055,68.21947368421056
14,0.32603603603603604,385,0,0.0,0.028205128205128206,4.189610389610389,71.54458874458878
15,0.5316666666666666,66,0,0.0,0.046263345195729534,4.4393939393939394,70.0518181818182
16,0.3531144781144781,54,0,0.0,0.021367521367521368,4.5,75.63250000000004
17,0.5425000000000001,66,2,0.030303030303030304,0.044673539518900345,4.636363636363637,76.68852272727274
18,0.23207142857142857,205,0,0.0,0.0196319018404908,4.195121951219512,71.64421617161717
19,0.3870138888888889,88,0,0.0,0.02349869451697128,4.443181818181818,64.33454545454546
20,0.2736734693877551,86,0,0.0,0.024390243902439025,4.372093023255814,73.29793023255816
21,0.16176136363636365,137,0,0.0,0.0208,4.678832116788321,56.68670164233578
22,0.31392857142857145,45,1,0.022222222222222223,0.019417475728155338,4.733333333333333,59.280151515151545
23,0.31142424242424244,88,0,0.0,0.049315068493150684,4.636363636363637,82.67786713286714
24,0.20124999999999998,74,0,0.0,0.0243161094224924,4.675675675675675,67.1994864864865
25,0.34052827380952383,146,2,0.0136986301369863,0.05815831987075929,4.493150684931507,78.96590621707062
26,0.25833333333333336,82,0,0.0,0.020771513353115726,4.280487804878049,79.79631707317075
27,0.2857796717171717,83,3,0.03614457831325301,0.02735562310030395,4.072289156626506,83.73151606425705
28,0.2939529914529915,186,1,0.005376344086021506,0.018847006651884702,4.994623655913978,54.65088709677423
29,0.21011111111111117,142,3,0.02112676056338028,0.022452504317789293,4.225352112676056,79.79198943661974
30,0.1875,30,0,0.0,0.022556390977443608,4.566666666666666,66.67612068965518
31,0.2760714285714286,96,2,0.020833333333333332,0.052980132450331126,5.03125,69.54000000000003
32,0.39038461538461533,104,0,0.0,0.03211009174311927,4.269230769230769,74.54358974358975
33,0.33776537698412695,336,1,0.002976190476190476,0.0303886925795053,4.407738095238095,75.98017564870261
34,0.4130769230769232,99,0,0.0,0.032467532467532464,4.828282828282828,67.80909090909094
35,0.351984126984127,65,1,0.015384615384615385,0.021875,5.061538461538461,49.775096153846164
36,0.4277777777777778,65,0,0.0,0.02564102564102564,5.0,67.25615384615384
37,0.7735714285714286,62,0,0.0,0.029197080291970802,4.548387096774194,70.07803225806454
38,0.3148809523809524,111,0,0.0,0.02912621359223301,4.7207207207207205,59.25209459459461
39,0.6607142857142857,47,0,0.0,0.05970149253731343,4.48936170212766,88.42000000000003
40,0.5192460317460318,95,0,0.0,0.015228426395939087,4.221052631578948,74.45315789473686
41,0.25992063492063494,153,1,0.006535947712418301,0.03322784810126582,4.366013071895424,76.29373529411764
42,0.17163359788359794,179,0,0.0,0.03508771929824561,4.279329608938547,28.266722846441965
43,0.36769841269841275,126,2,0.015873015873015872,0.034722222222222224,4.761904761904762,66.5486116322702
44,0.37083333333333335,43,1,0.023255813953488372,0.056818181818181816,4.558139534883721,76.1246046511628
45,0.22814094387755102,149,5,0.03355704697986577,0.040345821325648415,4.845637583892618,65.7465049044915
46,0.5529999999999999,116,0,0.0,0.030042918454935622,4.258620689655173,79.25105363984677
47,0.31428571428571433,76,0,0.0,0.01775147928994083,4.618421052631579,65.62015789473685
48,0.25555555555555554,96,0,0.0,0.018823529411764704,4.6875,64.65736842105264
49,0.3900793650793651,125,0,0.0,0.01867572156196944,4.88,61.49470000000002
50,0.5129411764705882,124,1,0.008064516129032258,0.02702702702702703,4.637096774193548,70.53995601173023
51,0.2825661375661376,164,0,0.0,0.02158273381294964,4.475609756097561,68.92910199556543
52,0.5070877425044092,357,1,0.0028011204481792717,0.029803424223208624,4.5210084033613445,70.63915966386557
53,0.5986111111111111,53,1,0.018867924528301886,0.05429864253393665,4.320754716981132,72.37880503144656
54,0.17893004115226338,224,0,0.0,0.03932584269662921,4.129464285714286,84.6771031746032
55,0.41954545454545455,92,0,0.0,0.06315789473684211,4.326086956521739,84.8146739130435
56,0.5645833333333333,52,1,0.019230769230769232,0.04,5.0576923076923075,71.00592307692308
57,0.30948412698412703,234,0,0.0,0.03419689119170984,4.286324786324786,78.3092307692308
58,0.5747619047619048,41,0,0.0,0.029940119760479042,4.2682926829268295,83.60235772357724
59,0.5845454545454545,94,0,0.0,0.034912718204488775,4.531914893617022,71.60875000000001
60,0.37146825396825395,63,0,0.0,0.0380952380952381,5.238095238095238,70.12857142857146
61,0.32302827380952376,183,1,0.00546448087431694,0.03975155279503106,4.584699453551913,60.86239502762433
62,0.1503627734877735,423,5,0.01182033096926714,0.030420353982300884,4.508274231678487,75.89503613099974
63,0.42045454545454547,91,5,0.054945054945054944,0.032663316582914576,4.615384615384615,74.49919540229887
64,0.3235930735930736,250,1,0.004,0.03148148148148148,4.448,69.06932941176471
65,0.37432539682539684,279,0,0.0,0.023430962343096235,4.480286738351254,79.6000280504909
66,0.14686628186628187,418,0,0.0,0.02400408580183861,4.851674641148326,58.42368421052632
67,0.5454545454545455,111,2,0.018018018018018018,0.039337474120082816,4.5225225225225225,75.76037079510705
68,0.1,49,1,0.02040816326530612,0.055,4.428571428571429,82.17676020408165
69,0.35095238095238096,43,0,0.0,0.022099447513812154,4.325581395348837,81.81212209302328
70,0.4606060606060606,87,0,0.0,0.042666666666666665,4.517241379310345,68.41066810344827
71,0.3030555555555557,102,1,0.00980392156862745,0.014522821576763486,4.833333333333333,57.70352941176472
72,0.31315789473684214,174,0,0.0,0.030612244897959183,4.666666666666667,65.82437304075236
73,0.20720695970695965,251,2,0.00796812749003984,0.02702702702702703,4.45816733067729,70.87138379814078
74,0.3895833333333333,78,4,0.05128205128205128,0.03927492447129909,4.371794871794871,72.61545454545457
75,0.30723684210526314,125,1,0.008,0.04483430799220273,4.288,80.52928333333335
76,0.2990992647058824,144,3,0.020833333333333332,0.030063291139240507,4.520833333333333,67.23522727272729
77,0.41869047619047617,166,3,0.018072289156626505,0.032467532467532464,4.765060240963855,69.46163654618478
78,0.11111111111111112,83,0,0.0,0.02857142857142857,4.27710843373494,72.76913253012052
79,0.49068181818181816,88,0,0.0,0.03324808184143223,4.590909090909091,77.42227272727276
80,0.5166666666666667,77,2,0.025974025974025976,0.023333333333333334,3.987012987012987,81.40506493506496
81,0.3869444444444445,101,0,0.0,0.03686635944700461,4.396039603960396,58.55618181818184
82,0.2729166666666667,179,0,0.0,0.034220532319391636,4.569832402234637,74.86806843575421
83,0.2569230769230769,166,0,0.0,0.0,4.198795180722891,82.6059943714822
84,0.34866666666666674,197,0,0.0,0.026347305389221556,4.324873096446701,73.59717005076143
85,0.4765625,61,0,0.0,0.027559055118110236,4.311475409836065,78.71786885245903
86,0.38385714285714284,67,1,0.014925373134328358,0.04513888888888889,4.432835820895522,68.77000000000002
87,0.20069444444444443,135,0,0.0,0.04036697247706422,4.229629629629629,87.25461538461538
88,0.54,79,0,0.0,0.019417475728155338,5.481012658227848,38.23617088607597
89,0.4660526315789474,117,0,0.0,0.01968503937007874,4.495726495726496,66.03224137931038
90,0.41250000000000003,50,0,0.0,0.03349282296650718,4.42,78.24633333333335
91,0.43517361111111114,113,1,0.008849557522123894,0.0321285140562249,4.610619469026549,67.23181818181823
92,0.32005208333333335,95,3,0.031578947368421054,0.027777777777777776,4.28421052631579,75.51052631578948
93,0.33787545787545786,111,0,0.0,0.028634361233480177,4.27027027027027,73.85457770270271
94,0.66,72,0,0.0,0.03546099290780142,4.083333333333333,78.11500000000001
95,0.305,58,0,0.0,0.023166023166023165,4.568965517241379,60.84163793103451
96,0.2818181818181818,70,6,0.08571428571428572,0.053763440860215055,4.242857142857143,84.34803571428574
97,0.23501984126984124,160,0,0.0,0.0297029702970297,4.575,70.45886363636366
98,0.27046957671957667,172,0,0.0,0.025606469002695417,4.52906976744186,69.75218421052632
99,0.41978609625668445,143,0,0.0,0.02671118530884808,4.405594405594406,72.81560489510493
100,0.33769841269841266,99,0,0.0,0.0070921985815602835,4.414141414141414,68.9825
101,0.1838888888888889,72,0,0.0,0.02422145328719723,4.347222222222222,87.25000000000003
102,0.8266666666666665,46,0,0.0,0.03636363636363636,5.021739130434782,68.47507246376813
103,0.50125,77,0,0.0,0.07120743034055728,4.35064935064935,78.40588474025975
104,0.41181818181818175,81,0,0.0,0.05080213903743316,4.802469135802469,66.61250000000001
105,0.32295833333333335,120,2,0.016666666666666666,0.0,5.183333333333334,65.14876923076926
106,0.24815018315018317,109,0,0.0,0.031042128603104215,4.238532110091743,73.83183486238534
107,0.4468750000000001,91,2,0.02197802197802198,0.02247191011235955,5.087912087912088,53.55980219780224
108,0.4749880952380952,142,0,0.0,0.024761904761904763,3.9295774647887325,79.60133802816902
109,0.29583333333333334,84,0,0.0,0.07492795389048991,4.214285714285714,78.81785714285714
110,0.30095238095238097,205,1,0.004878048780487805,0.03156708004509583,4.443902439024391,71.46809959349595
111,0.315,81,0,0.0,0.029023746701846966,4.827160493827161,58.792
112,0.032707070707070685,74,0,0.0,0.08178438661710037,3.7837837837837838,75.98000000000002
113,0.490625,80,2,0.025,0.05217391304347826,4.4625,71.56099859353027
114,0.414004329004329,80,0,0.0,0.05357142857142857,4.375,1.3164788732394754
115,0.5733333333333334,41,0,0.0,0.025906735751295335,4.804878048780488,70.47628048780489
116,0.3215367965367965,77,0,0.0,0.018018018018018018,4.467532467532467,78.81000000000003
117,0.23324175824175825,113,1,0.008849557522123894,0.03435114503816794,4.752212389380531,70.00274705014752
118,0.30634920634920637,184,1,0.005434782608695652,0.028930817610062894,4.445652173913044,61.95693681318683
119,0.5240211640211639,129,0,0.0,0.03288201160541586,4.209302325581396,74.43808333333337
120,0.26651785714285714,77,0,0.0,0.03550295857988166,4.545454545454546,66.35981601731602
121,0.334375,65,0,0.0,0.021897810218978103,4.369230769230769,60.98903688524592
122,0.33911111111111114,142,0,0.0,0.0358814352574103,4.795774647887324,67.94800176056339
123,0.322579365079365,385,2,0.005194805194805195,0.033836858006042296,4.490909090909091,70.84831308900526
124,0.19722222222222222,107,2,0.018691588785046728,0.018947368421052633,4.616822429906542,60.64818535825549
125,0.4607638888888889,86,0,0.0,0.026252983293556086,5.069767441860465,65.3866666666667
126,0.32872549019607844,192,1,0.005208333333333333,0.03300733496332518,4.401041666666667,68.9098557692308
127,0.29305555555555557,74,1,0.013513513513513514,0.026706231454005934,4.756756756756757,65.84747716894978
128,0.0063095238095238065,126,1,0.007936507936507936,0.03137254901960784,4.238095238095238,74.81991039426524
129,0.2740740740740741,116,0,0.0,0.020161290322580645,4.448275862068965,66.87545977011497
130,0.3364583333333333,41,3,0.07317073170731707,0.035897435897435895,5.2439024390243905,70.8948780487805
131,0.19400000000000003,135,1,0.007407407407407408,0.02434782608695652,4.362962962962963,65.62687500000004
132,0.29279519331243475,198,6,0.030303030303030304,0.04009433962264151,4.41919191919192,69.39952380952384
133,0.37523809523809526,74,0,0.0,0.02572347266881029,4.364864864864865,66.62631849315069
134,0.23333333333333336,56,0,0.0,0.04048582995951417,4.964285714285714,82.54738095238096
135,0.6733333333333333,41,1,0.024390243902439025,0.041176470588235294,4.341463414634147,78.81661585365856
136,0.29305555555555557,118,5,0.0423728813559322,0.04364326375711575,4.635593220338983,64.85550156739816
137,0.38774691358024677,237,0,0.0,0.03466955579631636,4.109704641350211,88.64835443037975
138,0.3519166666666666,149,0,0.0,0.030716723549488054,4.053691275167785,82.67015592515594
139,0.28416666666666673,113,0,0.0,0.030927835051546393,4.486725663716814,69.73785714285715
140,0.4120098039215686,158,1,0.006329113924050633,0.037089871611982884,4.60126582278481,69.0240568348849
141,0.25737103174603176,234,8,0.03418803418803419,0.02809573361082206,4.222222222222222,77.31758181330474
142,0.3072222222222222,82,1,0.012195121951219513,0.02512562814070352,5.060975609756097,67.09504065040652
143,0.22395833333333334,146,1,0.00684931506849315,0.030254777070063694,4.527397260273973,72.06942465753428
144,0.24675099206349208,99,3,0.030303030303030304,0.04,4.262626262626263,78.05619318181822
145,0.3016666666666667,86,0,0.0,0.033854166666666664,4.627906976744186,67.35410852713181
146,0.41482142857142856,106,0,0.0,0.035398230088495575,4.433962264150943,75.96168763102726
147,0.3797542242703534,202,6,0.0297029702970297,0.06380510440835267,4.52970297029703,70.66993854258122
148,0.3089285714285714,84,0,0.0,0.020771513353115726,4.333333333333333,71.50019076305223
149,0.4,123,1,0.008130081300813009,0.024539877300613498,4.130081300813008,71.10340495867771
150,0.47547268907563023,126,4,0.031746031746031744,0.036053130929791274,4.412698412698413,81.16785714285716
151,0.3021875,132,0,0.0,0.04601769911504425,4.424242424242424,67.03295454545456
152,0.3444805194805196,64,1,0.015625,0.015151515151515152,4.328125,75.36303571428572
153,0.41500000000000004,55,1,0.01818181818181818,0.02575107296137339,4.363636363636363,75.6918181818182
154,0.23920833333333338,249,0,0.0,0.026476578411405296,4.112449799196787,75.27336422613533
155,0.258974358974359,139,1,0.007194244604316547,0.03398058252427184,4.669064748201439,68.6900224820144
156,0.3643589743589744,99,0,0.0,0.027600849256900213,4.888888888888889,54.04363636363638
157,0.1900853361198189,291,2,0.006872852233676976,0.04074402125775022,4.0034364261168385,74.21269230769232
158,0.27850877192982454,172,0,0.0,0.002840909090909091,4.267441860465116,7.400813953488409
159,0.13711089065255733,312,0,0.0,0.04279279279279279,4.528846153846154,78.0559230769231
160,0.21011904761904762,121,0,0.0,0.044169611307420496,4.793388429752066,61.04508723599636
161,0.48000000000000004,116,0,0.0,0.03162055335968379,4.474137931034483,63.11500000000002
162,0.20694444444444443,207,1,0.004830917874396135,0.057007125890736345,4.251207729468599,84.20292906178491
163,0.4542559523809524,161,0,0.0,0.03170028818443804,4.39751552795031,70.4479641131815
164,0.3517948717948718,100,0,0.0,0.049107142857142856,4.65,76.55266666666668
165,0.46124999999999994,84,0,0.0,0.020588235294117647,4.107142857142857,71.71285714285715
166,0.4740740740740741,89,0,0.0,0.06,4.651685393258427,67.17500000000003
167,0.261624649859944,134,0,0.0,0.024115755627009645,4.850746268656716,62.545940298507475
168,0.41805555555555557,51,1,0.0196078431372549,0.03153153153153153,4.549019607843137,83.68200000000002
169,0.5319999999999999,102,2,0.0196078431372549,0.03611738148984198,4.480392156862745,76.11727941176473
170,0.28138888888888886,91,0,0.0,0.05405405405405406,4.362637362637362,66.86500915750915
171,0.3039902998236331,181,1,0.0055248618784530384,0.03225806451612903,4.607734806629834,58.597734806629845
172,0.20902777777777778,101,9,0.0891089108910891,0.0603448275862069,4.99009900990099,72.31375137513754
173,0.6083333333333333,82,0,0.0,0.05413105413105413,4.451219512195122,69.39250000000001
174,0.3119047619047619,110,0,0.0,0.024761904761904763,4.954545454545454,62.61727272727276
175,0.5708333333333334,39,0,0.0,0.05365853658536585,5.487179487179487,41.350394736842105
176,0.19599206349206352,213,3,0.014084507042253521,0.019853709508881923,4.676056338028169,69.29523943661974
177,0.2814814814814815,89,0,0.0,0.02558139534883721,4.966292134831461,46.68918181818182
178,0.6186363636363637,101,2,0.019801980198019802,0.03255813953488372,4.455445544554456,68.8827777777778
179,0.2437301587301587,169,0,0.0,0.030707610146862484,4.585798816568047,73.43930473372782
180,0.15972222222222224,58,2,0.034482758620689655,0.05925925925925926,5.0,57.99200000000002
181,0.29229166666666667,72,1,0.013888888888888888,0.02476780185758514,4.736111111111111,66.08917253521129
182,0.3023181818181818,153,0,0.0,0.021806853582554516,4.287581699346405,73.52902941176471
183,0.3776515151515152,180,4,0.022222222222222223,0.036036036036036036,3.9277777777777776,81.68722222222223
184,0.2833148148148148,234,2,0.008547008547008548,0.023809523809523808,4.487179487179487,60.37494515975206
185,0.29923976608187136,213,7,0.03286384976525822,0.03612903225806452,3.8450704225352115,84.38513442867811
186,0.1592805034471701,391,0,0.0,0.035206917850525016,4.42455242966752,71.04253846153847
187,0.46990740740740755,118,0,0.0,0.032196969696969696,4.627118644067797,76.40670903954805
188,0.31660714285714286,63,1,0.015873015873015872,0.03806228373702422,4.746031746031746,66.10000000000002
189,0.3592261904761904,90,0,0.0,0.029333333333333333,4.266666666666667,75.99000000000002
190,0.25932539682539685,199,2,0.010050251256281407,0.028402366863905324,4.417085427135678,73.53789331271747
191,0.75,51,0,0.0,0.031818181818181815,4.549019607843137,61.18786764705885
192,0.2861111111111111,90,2,0.022222222222222223,0.043701799485861184,4.544444444444444,70.10725655430713
193,0.5111111111111111,60,1,0.016666666666666666,0.02768166089965398,5.0,72.60500000000002
194,0.4367424242424242,107,0,0.0,0.029082774049217,4.355140186915888,82.56778621495329
195,0.25,133,0,0.0,0.01073345259391771,4.443609022556391,61.305714285714316
196,0.3693080357142857,79,3,0.0379746835443038,0.036923076923076927,4.341772151898734,76.87263449367092
197,0.2486100589225589,150,4,0.02666666666666667,0.028892455858747994,4.386666666666667,71.93178225205074
198,0.35696428571428573,117,0,0.0,0.024242424242424242,4.461538461538462,79.25105363984677
199,0.3603714285714286,109,0,0.0,0.029723991507430998,4.431192660550459,69.17495412844038
200,0.4228219696969697,101,1,0.009900990099009901,0.044585987261146494,4.772277227722772,67.53943688118812
201,0.2131932773109244,83,0,0.0,0.03299492385786802,4.891566265060241,51.34369477911646
202,0.2805555555555556,114,0,0.0,0.03469387755102041,4.5,69.34184210526317
203,0.4308809523809523,137,1,0.0072992700729927005,0.014414414414414415,4.218978102189781,70.6533272506083
204,0.125,146,1,0.00684931506849315,0.03764320785597381,4.390410958904109,67.09007042253523
205,0.11727272727272728,132,0,0.0,0.041379310344827586,4.537878787878788,66.638006993007
206,0.33789682539682536,166,1,0.006024096385542169,0.030913978494623656,4.590361445783133,65.80063587684073
207,0.4486111111111111,41,0,0.0,0.03553299492385787,4.926829268292683,64.37271341463415
208,0.229952380952381,87,0,0.0,0.046831955922865015,4.344827586206897,78.77220588235295
209,0.23020833333333335,57,0,0.0,0.02702702702702703,4.7894736842105265,76.52715789473686
210,0.4166666666666667,65,0,0.0,0.007575757575757576,4.076923076923077,59.31211538461541
211,0.11444444444444447,109,2,0.01834862385321101,0.02112676056338028,4.036697247706422,65.7469230769231
212,0.3635964912280702,215,4,0.018604651162790697,0.03482045701849837,4.4511627906976745,74.15505507955938
213,0.5007407407407407,68,0,0.0,0.034782608695652174,5.264705882352941,63.84279411764709
214,0.47953124999999996,72,0,0.0,0.006535947712418301,4.513888888888889,78.9704761904762
215,0.24353479853479854,101,1,0.009900990099009901,0.03333333333333333,4.544554455445544,58.17556435643567
216,0.38607142857142857,64,0,0.0,0.03460207612456748,4.640625,70.90862500000003
217,0.3684474206349206,228,0,0.0,0.03907074973600845,4.324561403508772,78.56679566563467
218,0.19603798978798978,207,0,0.0,0.026558891454965358,4.304347826086956,67.33195187165778
219,0.289051689051689,343,0,0.0,0.03479471120389701,4.329446064139941,65.68125824766
220,0.23999999999999996,102,0,0.0,0.0368763557483731,4.607843137254902,65.33492647058827
221,0.3254666666666667,292,1,0.003424657534246575,0.05294619982920581,4.208904109589041,80.03015688032274
222,0.17969907407407407,284,3,0.01056338028169014,0.03826086956521739,4.23943661971831,79.93931498079388
223,0.11666666666666668,54,0,0.0,0.05533596837944664,4.925925925925926,73.67166666666668
224,0.2627747252747253,86,1,0.011627906976744186,0.01639344262295082,4.406976744186046,64.99854651162792
225,0.26216450216450216,89,0,0.0,0.043243243243243246,4.325842696629214,82.38798220973784
226,0.3386904761904762,123,1,0.008130081300813009,0.03236797274275979,5.024390243902439,64.3553780487805
227,0.3216843244474824,164,2,0.012195121951219513,0.032388663967611336,4.762195121951219,68.16209193245781
228,0.43012820512820515,62,1,0.016129032258064516,0.03816793893129771,4.467741935483871,77.6337634408602
229,0.45729166666666665,70,0,0.0,0.056666666666666664,4.385714285714286,62.86278260869568
230,0.4114999999999999,110,0,0.0,0.03139013452914798,4.254545454545455,82.16719696969699
231,0.45705555555555555,118,0,0.0,0.028517110266159697,4.559322033898305,67.8246153846154
232,0.28263736263736267,114,1,0.008771929824561403,0.03024193548387097,4.43859649122807,74.30084210526317
233,0.3395833333333333,94,0,0.0,0.026128266033254157,4.6063829787234045,67.81451612903228
234,0.2675579975579976,158,0,0.0,0.029141104294478526,4.30379746835443,77.8151371308017
235,0.6524242424242424,87,3,0.034482758620689655,0.03636363636363636,4.586206896551724,75.47160919540232
236,0.3583333333333333,62,1,0.016129032258064516,0.030418250950570342,4.419354838709677,71.4425483870968
237,0.575,53,0,0.0,0.05263157894736842,4.547169811320755,84.22169811320757
238,0.47947530864197535,166,1,0.006024096385542169,0.023035230352303523,4.590361445783133,67.16310843373496
239,0.2648648648648649,307,1,0.003257328990228013,0.06935975609756098,4.495114006514658,73.84552679108972
240,0.049999999999999996,171,0,0.0,0.0029985007496251873,4.023391812865497,76.7791911764706
241,0.22708333333333333,158,0,0.0,0.025954198473282442,4.360759493670886,67.92039556962028
242,0.32045454545454544,116,0,0.0,0.03187250996015936,4.551724137931035,71.13741379310348
243,0.32768065268065266,190,2,0.010526315789473684,0.037252619324796274,4.621052631578947,67.77196356275307
244,0.3248611111111111,191,5,0.02617801047120419,0.03547066848567531,3.9528795811518322,77.26898648648651
245,0.12911458333333334,116,0,0.0,0.015037593984962405,4.758620689655173,58.00982758620691
246,0.34481292517006795,119,0,0.0,0.03777335984095427,4.428571428571429,69.79062500000003
247,0.3976623376623376,86,0,0.0,0.06,4.755813953488372,55.54945736434112
248,0.23611111111111113,84,0,0.0,0.042682926829268296,4.190476190476191,80.84785714285714
249,0.6182539682539683,79,0,0.0,0.03133903133903134,4.6075949367088604,75.80174841772154
250,0.1986979166666667,134,4,0.029850746268656716,0.03125,4.5,64.92440298507464
251,0.6333333333333334,37,1,0.02702702702702703,0.04864864864864865,5.27027027027027,69.40300675675678
252,0.3738474025974026,105,1,0.009523809523809525,0.056338028169014086,4.180952380952381,83.80476190476192
253,0.39964985994397756,107,1,0.009345794392523364,0.0391304347826087,4.457943925233645,74.3031775700935
254,0.2652777777777778,69,0,0.0,0.013986013986013986,4.202898550724638,49.1573529411765
255,0.3645833333333333,62,0,0.0,0.055970149253731345,4.629032258064516,72.1050141242938
256,0.2377703373015873,81,4,0.04938271604938271,0.016574585635359115,4.617283950617284,61.22078481012659
257,0.2466666666666667,193,0,0.0,0.038461538461538464,4.466321243523316,70.39875
258,0.4295918367346939,98,0,0.0,0.045,4.23469387755102,75.7889002267574
259,0.4839285714285714,123,5,0.04065040650406504,0.044145873320537425,4.4471544715447155,69.10067073170732
260,0.31064360119047624,178,3,0.016853932584269662,0.02444987775061125,4.775280898876405,62.08461184882535
261,0.36296296296296293,179,0,0.0,0.04450261780104712,4.379888268156424,69.32600304723209
262,0.253125,142,0,0.0,0.02416918429003021,4.894366197183099,63.13890140845072
263,0.29791666666666666,91,0,0.0,0.031578947368421054,4.450549450549451,77.22500000000001
264,0.34798160173160175,89,0,0.0,0.03869047619047619,3.9101123595505616,77.79363636363635
265,0.48333333333333334,50,1,0.02,0.0136986301369863,4.48,71.12605442176874
266,0.38333333333333336,66,0,0.0,0.029508196721311476,4.878787878787879,69.10833333333336
267,0.2563157894736842,133,0,0.0,0.026415094339622643,4.2481203007518795,82.35846153846155
268,0.26299171842650104,199,1,0.005025125628140704,0.01768990634755463,5.065326633165829,64.67217935702203
269,0.22689814814814818,176,0,0.0,0.046632124352331605,4.642045454545454,67.1123529411765
270,0.4063988095238095,150,2,0.013333333333333334,0.033846153846153845,4.433333333333334,67.77300000000001
271,0.3284722222222222,48,1,0.020833333333333332,0.06315789473684211,4.166666666666667,83.30875000000002
272,0.011111111111111118,62,0,0.0,0.059322033898305086,4.209677419354839,88.4260655737705
273,0.39663194444444444,128,1,0.0078125,0.020100502512562814,4.8359375,63.90378136200718
274,0.4220238095238095,61,0,0.0,0.045081967213114756,4.114754098360656,81.79231557377051
275,0.43690476190476185,113,0,0.0,0.03991596638655462,4.380530973451328,75.1544247787611
276,0.2421875,165,0,0.0,0.07207207207207207,4.248484848484848,84.7413986013986
277,0.37777777777777777,30,1,0.03333333333333333,0.024844720496894408,5.9,30.870000000000033
278,0.11111111111111112,68,0,0.0,0.053003533568904596,4.338235294117647,66.09046641791046
279,0.17357142857142857,167,0,0.0,0.029792746113989636,4.766467065868263,52.092883233532945
280,0.36519047619047623,140,1,0.007142857142857143,0.01904761904761905,4.5928571428571425,59.15107142857144
281,0.3416666666666667,126,0,0.0,0.026833631484794274,4.563492063492063,72.67732142857143
282,0.32438888888888884,267,0,0.0,0.019087136929460582,4.629213483146067,61.888198735955086
283,0.47370370370370374,55,1,0.01818181818181818,0.0,4.781818181818182,72.93810606060607
284,0.3486979166666667,186,0,0.0,0.04193971166448231,4.301075268817204,75.53609677419357
285,0.40918367346938783,166,0,0.0,0.02706359945872801,4.632530120481928,70.54170064874889
286,0.24173469387755103,77,0,0.0,0.011594202898550725,4.64935064935065,65.34040584415587
287,0.3737566137566138,108,0,0.0,0.021400778210116732,4.888888888888889,63.88250000000005
288,0.1944444444444445,52,0,0.0,0.0,4.5576923076923075,77.51361538461539
289,0.28547237076648846,141,1,0.0070921985815602835,0.023323615160349854,5.0212765957446805,47.34562500000001
290,0.3721153846153846,121,0,0.0,0.02834008097165992,4.198347107438017,63.8674406779661
291,0.05775978407557356,147,0,0.0,0.023734177215189875,4.442176870748299,61.68586734693878
292,0.4270128968253967,137,3,0.021897810218978103,0.026936026936026935,4.518248175182482,68.00796791443854
293,0.17442176870748302,106,0,0.0,0.0378619153674833,4.339622641509434,72.07304245283022
294,0.32051282051282054,213,0,0.0,0.04013377926421405,4.431924882629108,75.7566153169014
295,0.18653846153846157,131,0,0.0,0.038461538461538464,4.526717557251908,59.068437500000016
296,0.50375,60,0,0.0,0.027874564459930314,4.866666666666666,67.75500000000001
297,0.29615384615384616,119,2,0.01680672268907563,0.03710575139146568,4.714285714285714,69.63381092436977
298,0.29709207459207454,60,0,0.0,0.012295081967213115,4.133333333333334,75.14500000000004
299,0.3420138888888889,123,2,0.016260162601626018,0.03333333333333333,4.308943089430894,68.03682277318643
300,0.3453333333333333,140,1,0.007142857142857143,0.02936096718480138,4.257142857142857,78.04468253968255
301,0.775,37,0,0.0,0.040697674418604654,4.918918918918919,71.68949324324328
302,0.23654761904761906,75,1,0.013333333333333334,0.013123359580052493,5.4,26.374594594594612
303,0.46222222222222215,66,0,0.0,0.03,4.7272727272727275,71.66427272727275
304,0.4681818181818182,66,0,0.0,0.030612244897959183,4.575757575757576,56.77840909090912
305,0.23863636363636356,134,0,0.0,0.034055727554179564,4.947761194029851,52.444447761194056
306,0.4266414141414141,164,1,0.006097560975609756,0.02388535031847134,4.0,85.18526266416512
307,0.4888310185185184,189,8,0.042328042328042326,0.04423592493297587,4.142857142857143,84.0113097713098
308,0.5025,41,0,0.0,0.009900990099009901,5.048780487804878,64.3900487804878
309,0.5612698412698413,45,0,0.0,0.038834951456310676,4.7555555555555555,69.41000000000003
310,0.35454282407407406,343,3,0.008746355685131196,0.02577319587628866,4.667638483965015,59.77794970414203
311,0.23917410714285714,120,0,0.0,0.06346153846153846,4.658333333333333,80.36000000000001
312,0.4812662337662338,183,3,0.01639344262295082,0.05384615384615385,4.426229508196721,77.22124313186815
313,0.35218584656084656,95,0,0.0,0.04215456674473068,4.7368421052631575,69.66637426900589
314,0.35287500000000005,182,2,0.01098901098901099,0.04206241519674356,4.230769230769231,82.41053775322285
315,0.4413869463869464,62,0,0.0,0.013888888888888888,4.870967741935484,67.75500000000001
316,0.19318181818181818,75,0,0.0,0.03322259136212625,4.1466666666666665,72.04200000000002
317,0.3268859649122807,138,0,0.0,0.03735144312393888,4.434782608695652,70.7146739130435
318,0.3452350427350428,220,1,0.004545454545454545,0.03391472868217054,4.8954545454545455,68.55158675799089
319,0.3481481481481482,92,0,0.0,0.018475750577367205,4.836956521739131,59.77384057971017
320,0.5666666666666668,87,0,0.0,0.024830699774266364,5.2298850574712645,63.548599137931035
321,0.5451322751322752,63,0,0.0,0.04501607717041801,5.111111111111111,68.60607142857145
322,0.10833333333333332,97,0,0.0,0.03931203931203931,4.371134020618556,75.02773195876291
323,0.10416666666666667,89,0,0.0,0.03888888888888889,4.393258426966292,86.38481818181822
324,0.31,37,0,0.0,0.029585798816568046,4.783783783783784,74.03857142857144
325,0.2609848484848485,140,1,0.007142857142857143,0.02664298401420959,4.1571428571428575,76.12723421262992
326,0.36401785714285717,150,1,0.006666666666666667,0.034328358208955224,4.586666666666667,67.10775000000001
327,0.2875,123,0,0.0,0.0410958904109589,4.349593495934959,74.6608943089431
328,0.40039141414141416,110,1,0.00909090909090909,0.0273109243697479,4.590909090909091,61.37254716981133
329,0.19378787878787881,116,0,0.0,0.03368421052631579,4.232758620689655,73.80437500000004
330,0.35333333333333333,32,0,0.0,0.03355704697986577,4.78125,74.45875000000001
331,0.46666666666666656,104,0,0.0,0.03275109170305677,4.490384615384615,64.56423139158579
332,0.18511904761904766,111,0,0.0,0.02524271844660194,4.792792792792793,70.60580808080809
333,0.4892857142857142,43,0,0.0,0.059907834101382486,5.558139534883721,64.31995348837211
334,0.3562962962962963,61,0,0.0,0.024691358024691357,4.081967213114754,84.17812841530058
335,0.4152943121693122,171,0,0.0,0.031407035175879394,4.8654970760233915,62.985562130177556
336,0.39198051948051943,75,0,0.0,0.03258145363408521,5.48,44.12350000000001
337,0.22249999999999998,80,0,0.0,0.03823529411764706,4.3875,74.60247890295359
338,0.2888888888888889,63,0,0.0,0.02,4.063492063492063,79.39160714285715
339,0.21557539682539684,98,0,0.0,0.02564102564102564,4.561224489795919,54.20423469387757
340,0.3921245421245421,131,0,0.0,0.03225806451612903,4.7251908396946565,66.77561492790502
341,0.3804545454545455,149,1,0.006711409395973154,0.04573170731707317,4.6375838926174495,73.02000000000002
342,0.3573773448773449,66,0,0.0,0.024822695035460994,4.393939393939394,77.28750000000002
343,0.30872655122655135,79,1,0.012658227848101266,0.03225806451612903,4.8734177215189876,63.82584415584418
344,0.521388888888889,124,1,0.008064516129032258,0.0216998191681736,4.588709677419355,54.080741935483886
345,0.22787037037037036,170,0,0.0,0.029914529914529916,4.41764705882353,79.00449704142014
346,0.3936507936507936,195,0,0.0,0.029003783102143757,4.1692307692307695,73.20278846153847
347,0.2517244560994561,161,1,0.006211180124223602,0.0225,5.136645962732919,56.17375000000001
348,0.35892857142857143,107,2,0.018691588785046728,0.04025423728813559,4.663551401869159,65.98354716981135
349,0.21987179487179487,98,0,0.0,0.02132701421800948,4.551020408163265,75.15125000000002
350,0.3538095238095238,38,0,0.0,0.029411764705882353,4.605263157894737,76.97144736842105
351,0.12125000000000002,147,3,0.02040816326530612,0.03868194842406877,5.040816326530612,73.66011904761906
352,0.3598214285714286,66,1,0.015151515151515152,0.04878048780487805,4.606060606060606,77.97034090909092
353,0.28705882352941176,143,0,0.0,0.03934426229508197,4.531468531468532,62.190000000000026
354,0.509047619047619,71,0,0.0,0.05172413793103448,5.169014084507042,66.21946428571431
355,0.47981859410430844,106,0,0.0,0.026905829596412557,4.330188679245283,78.45794811320758
356,0.27395833333333336,97,9,0.09278350515463918,0.058673469387755105,4.402061855670103,81.50875
357,0.43200000000000005,48,0,0.0,0.030837004405286344,4.8125,58.942499999999995
358,0.28795683483183476,249,4,0.01606425702811245,0.038535645472061654,4.325301204819277,85.28463614457834
359,0.38070175438596493,262,0,0.0,0.022182786157941437,4.377862595419847,70.92465394402036
360,0.1318181818181818,108,1,0.009259259259259259,0.032327586206896554,4.481481481481482,73.61976210705184
361,0.2700793650793651,102,0,0.0,0.02832244008714597,4.833333333333333,69.2146844059406
362,0.5179166666666668,96,4,0.041666666666666664,0.04197530864197531,4.447916666666667,75.27708333333337
363,0.5163333333333333,62,3,0.04838709677419355,0.029197080291970802,4.548387096774194,65.48693548387098
364,0.48,38,0,0.0,0.029585798816568046,4.7631578947368425,80.18561403508772
365,0.4238095238095238,155,0,0.0,0.011799410029498525,4.458064516129032,46.917132352941195
366,0.2595384972170686,210,2,0.009523809523809525,0.04431818181818182,4.5095238095238095,85.10946770334931
367,0.3255621693121693,145,0,0.0,0.03459119496855346,4.524137931034483,67.37463601532568
368,0.22082539682539679,155,0,0.0,0.027818448023426062,4.612903225806452,66.5461491935484
369,0.2552083333333333,90,0,0.0,0.026881720430107527,4.3,73.17000000000003
370,0.22177083333333336,180,0,0.0,0.014686248331108143,4.3277777777777775,57.47500000000004
371,0.37954545454545463,154,6,0.03896103896103896,0.0634648370497427,4.090909090909091,91.61561879297176
372,0.22015634185773075,210,3,0.014285714285714285,0.03681710213776722,4.1,72.2439285714286
373,0.2504487179487179,99,0,0.0,0.04018912529550828,4.515151515151516,66.87375
374,0.32618055555555553,78,2,0.02564102564102564,0.06983240223463687,4.6923076923076925,53.63480769230773
375,0.49375,60,0,0.0,0.027131782945736434,4.4,80.44500000000001
376,0.505595238095238,68,0,0.0,0.01904761904761905,4.735294117647059,77.14049019607846
377,0.2714285714285714,173,0,0.0,0.036312849162011177,4.329479768786127,71.91133815028905
378,0.38923611111111117,66,0,0.0,0.013157894736842105,4.9393939393939394,43.489375000000024
379,0.40329670329670336,91,0,0.0,0.03051643192488263,4.835164835164835,60.69714285714289
380,0.8150000000000001,49,1,0.02040816326530612,0.029914529914529916,4.959183673469388,52.13421768707485
381,0.5725,111,0,0.0,0.028089887640449437,4.954954954954955,57.72777027027027
382,0.24435425685425688,134,1,0.007462686567164179,0.025684931506849314,4.552238805970149,76.40926051560382
383,0.11759259259259262,85,0,0.0,0.039886039886039885,4.423529411764706,78.83357142857143
384,0.4678703703703704,171,4,0.023391812865497075,0.03954802259887006,4.3391812865497075,76.2312145748988
385,0.374375,82,2,0.024390243902439025,0.02168021680216802,4.670731707317073,74.97888888888889
386,0.40976190476190477,92,0,0.0,0.0472972972972973,5.076086956521739,49.84112087912092
387,0.11269841269841267,174,0,0.0,0.014833127317676144,4.7298850574712645,57.39442528735634
388,0.09825396825396826,112,0,0.0,0.022540983606557378,4.589285714285714,74.78928571428573
389,0.33125,62,0,0.0,0.026415094339622643,4.387096774193548,81.94120967741938
390,0.27472222222222226,120,0,0.0,0.03225806451612903,4.608333333333333,66.76500000000001
391,0.26898148148148143,119,4,0.03361344537815126,0.05272727272727273,4.873949579831932,70.28838396897224
392,0.41,103,1,0.009708737864077669,0.04265402843601896,4.223300970873787,68.69611650485439
393,0.36944444444444446,139,3,0.02158273381294964,0.04063604240282685,4.280575539568345,75.10488489612578
394,0.2911819727891157,104,0,0.0,0.040268456375838924,4.5,72.27341880341882
395,0.5532051282051282,112,1,0.008928571428571428,0.03717472118959108,4.991071428571429,54.19011904761908
396,0.13472222222222222,81,1,0.012345679012345678,0.02064896755162242,4.283950617283951,79.68088888888889
397,0.12533333333333332,125,0,0.0,0.02564102564102564,4.848,61.715384615384636
398,0.5379166666666666,72,7,0.09722222222222222,0.125,4.638888888888889,73.26707042253523
399,0.3115167548500882,262,0,0.0,0.019301470588235295,4.404580152671755,75.94860787464849
400,0.34385802469135807,185,5,0.02702702702702703,0.03260869565217391,4.605405405405405,70.71419763513514
401,0.5351190476190476,122,1,0.00819672131147541,0.032846715328467155,4.631147540983607,69.63232786885246
402,0.18571428571428572,221,0,0.0,0.027551020408163266,4.5565610859728505,69.22823529411767
403,0.26246141975308646,346,6,0.017341040462427744,0.03255109765329296,3.907514450867052,69.76990803993698
404,0.3664902998236331,160,2,0.0125,0.04090909090909091,4.30625,76.44791666666667
405,0.33947811447811455,346,0,0.0,0.027177700348432057,4.257225433526012,72.00011676300582
406,0.3571428571428572,179,3,0.01675977653631285,0.02669902912621359,4.715083798882682,62.66776769087525
407,0.27705627705627706,99,1,0.010101010101010102,0.04145077720207254,3.9696969696969697,63.78647727272728
408,0.41950000000000004,113,0,0.0,0.01893939393939394,4.778761061946903,46.39487831858409
409,0.3322344322344322,108,1,0.009259259259259259,0.027722772277227723,4.787037037037037,49.13166666666666
410,0.37111111111111117,50,0,0.0,0.028169014084507043,4.36,83.321
411,0.35227083333333326,145,3,0.020689655172413793,0.03691813804173355,4.4206896551724135,69.18097178683387
412,0.3583333333333334,95,2,0.021052631578947368,0.04523809523809524,4.610526315789474,57.253000000000014
413,0.4143939393939393,76,1,0.013157894736842105,0.034782608695652174,4.657894736842105,53.97105263157897
414,0.47619047619047616,61,1,0.01639344262295082,0.02631578947368421,4.459016393442623,62.76387978142078
415,0.4585714285714286,111,1,0.009009009009009009,0.044,4.612612612612613,61.17243243243246
416,0.35552398989898987,141,0,0.0,0.031088082901554404,4.163120567375887,58.21200000000002
417,0.3216057585825027,425,3,0.007058823529411765,0.03326293558606125,4.588235294117647,58.178370497427125
418,0.3288461538461539,118,0,0.0,0.037996545768566495,5.0508474576271185,61.60857815442563
419,0.3091517857142857,126,0,0.0,0.031598513011152414,4.357142857142857,68.4107142857143
420,0.22549999999999998,115,0,0.0,0.02240325865580448,4.391304347826087,73.06872282608698
421,0.4833333333333334,90,0,0.0,0.018134715025906734,4.388888888888889,67.53000000000003
422,0.37,48,0,0.0,0.014018691588785047,4.5625,61.932500000000005
423,0.44505555555555554,59,0,0.0,0.04633204633204633,4.559322033898305,67.24105084745764
424,0.4097435897435897,111,0,0.0,0.04592901878914405,4.4774774774774775,73.03074324324328
425,0.33666666666666667,81,2,0.024691358024691357,0.0673854447439353,4.691358024691358,56.70311111111113
426,0.28521645021645026,129,0,0.0,0.015444015444015444,4.0852713178294575,68.93343023255817
427,0.3818253968253968,143,0,0.0,0.012522361359570662,4.006993006993007,46.04773892773895
428,0.4091025641025641,155,0,0.0,0.040983606557377046,4.858064516129033,55.00387096774196
429,0.19107142857142856,110,3,0.02727272727272727,0.035196687370600416,4.545454545454546,66.71030303030307
430,0.5712962962962963,72,1,0.013888888888888888,0.03785488958990536,4.513888888888889,62.96900000000002
431,0.4979166666666666,91,0,0.0,0.03611738148984198,5.021978021978022,50.77079120879125
432,0.5,64,0,0.0,0.04924242424242424,4.328125,77.26437500000002
433,0.35000000000000003,38,0,0.0,0.02976190476190476,4.526315789473684,71.53096491228072
434,0.3427272727272727,63,0,0.0,0.02766798418972332,4.079365079365079,64.66285714285716
435,0.6680555555555555,50,2,0.04,0.0430622009569378,4.3,74.01550000000002
436,0.548469387755102,94,0,0.0,0.04336734693877551,4.25531914893617,70.33333333333334
437,0.3095679012345679,114,0,0.0,0.032036613272311214,3.9298245614035086,69.40878947368424
438,0.38016666666666665,82,0,0.0,0.03064066852367688,4.487804878048781,61.225585365853675
439,0.34722222222222227,64,0,0.0,0.04964539007092199,4.515625,62.97737500000002
440,0.27337301587301593,192,1,0.005208333333333333,0.03322259136212625,4.833333333333333,54.00125000000003
441,0.5357142857142858,83,0,0.0,0.03184713375796178,3.891566265060241,80.67368473895584
442,0.29861111111111116,168,0,0.0,0.02526002971768202,4.196428571428571,81.83928571428572
443,0.2607421875,126,2,0.015873015873015872,0.025974025974025976,4.388888888888889,72.40785714285715
444,0.3159903381642513,234,6,0.02564102564102564,0.030634573304157548,4.0,74.17769230769231
445,0.3154761904761905,102,4,0.0392156862745098,0.024070021881838075,4.676470588235294,70.09049019607845
446,0.47766666666666663,81,5,0.06172839506172839,0.021739130434782608,4.666666666666667,62.96977777777778
447,0.27999999999999997,88,0,0.0,0.04071246819338423,4.613636363636363,66.21363636363638
448,0.24047619047619045,194,0,0.0,0.015855039637599093,4.670103092783505,44.855270618556716
449,0.825,25,2,0.08,0.03278688524590164,5.0,66.40066666666667
450,0.43551282051282053,84,0,0.0,0.019662921348314606,4.333333333333333,71.76785714285715
451,0.4679924242424242,72,1,0.013888888888888888,0.03724928366762178,5.041666666666667,52.48000000000002
452,0.3760330578512397,122,4,0.03278688524590164,0.02434077079107505,4.188524590163935,75.88430783242259
453,0.42018578643578636,249,1,0.004016064257028112,0.03385178408051235,4.514056224899599,60.591905521864035
454,0.48966666666666675,103,0,0.0,0.031630170316301706,4.165048543689321,81.04995685005395
455,0.29015151515151516,168,1,0.005952380952380952,0.029806259314456036,4.101190476190476,78.99728571428574
456,0.42500000000000004,63,1,0.015873015873015872,0.019157088122605363,4.222222222222222,81.24600000000004
457,0.39616666666666667,78,1,0.01282051282051282,0.02857142857142857,4.628205128205129,62.40153846153848
458,0.31088888888888894,81,1,0.012345679012345678,0.041916167664670656,4.246913580246914,78.5359027777778
459,0.412962962962963,53,0,0.0,0.0514018691588785,4.188679245283019,87.41415094339625
460,0.14200000000000002,45,0,0.0,0.0427807486631016,4.311111111111111,65.69625000000002
461,0.46875000000000006,73,1,0.0136986301369863,0.023054755043227664,4.8493150684931505,59.90093150684933
462,0.24743589743589745,118,0,0.0,0.028037383177570093,4.6525423728813555,40.67216101694919
463,0.3963541666666667,116,1,0.008620689655172414,0.03577512776831346,5.172413793103448,44.882241379310386
464,0.35055194805194806,101,1,0.009900990099009901,0.031185031185031187,4.910891089108911,57.09633333333335
465,0.22582637600494743,268,3,0.011194029850746268,0.029965753424657533,4.529850746268656,69.50703980099503
466,0.1295918367346939,99,1,0.010101010101010102,0.04128440366972477,4.606060606060606,66.63363636363638
467,0.42097222222222225,83,4,0.04819277108433735,0.03869047619047619,4.228915662650603,72.57436585365858
468,0.42857142857142855,124,0,0.0,0.03745318352059925,4.379032258064516,64.00177419354841
469,0.7279166666666667,43,4,0.09302325581395349,0.027932960893854747,4.325581395348837,73.94235465116282
470,0.4447619047619048,147,1,0.006802721088435374,0.02147239263803681,4.510204081632653,59.845599489795944
471,0.41500000000000004,51,1,0.0196078431372549,0.048458149779735685,4.568627450980392,60.458470588235286
472,0.3917047619047619,197,1,0.005076142131979695,0.02926829268292683,4.279187817258883,66.92233714043995
473,0.20591630591630591,112,0,0.0,0.02708803611738149,4.008928571428571,80.62761904761908
474,0.5788888888888889,70,0,0.0,0.04013377926421405,4.385714285714286,71.71904761904764
475,0.5985714285714286,103,1,0.009708737864077669,0.04751131221719457,4.368932038834951,65.4106796116505
476,0.4039473684210526,195,2,0.010256410256410256,0.022058823529411766,4.3076923076923075,74.67634615384618
477,0.3934243697478991,116,2,0.017241379310344827,0.033073929961089495,4.525862068965517,63.11500000000002
478,0.3582857142857143,139,0,0.0,0.024834437086092714,4.460431654676259,70.45657292347943
479,0.26882974481658695,306,10,0.032679738562091505,0.024224072672218017,4.4869281045751634,67.35676470588237
480,0.3055555555555556,75,2,0.02666666666666667,0.03903903903903904,4.586666666666667,65.11200000000002
481,0.325,51,0,0.0,0.032407407407407406,4.313725490196078,65.16823529411766
482,0.283921568627451,129,0,0.0,0.017761989342806393,4.426356589147287,56.472965116279084
483,0.33235294117647063,160,0,0.0,0.03025936599423631,4.45625,60.163750000000036
484,0.5428571428571428,100,0,0.0,0.02546296296296296,4.38,63.86500000000004
485,0.32333333333333336,253,0,0.0,0.03141831238779174,4.529644268774703,55.69312417654811
486,0.2665631469979296,186,1,0.005376344086021506,0.03470437017994859,4.424731182795699,84.1406612903226
487,0.49166666666666664,39,0,0.0,0.020512820512820513,5.102564102564102,55.93875
488,0.42095679012345677,195,7,0.035897435897435895,0.03905325443786982,4.435897435897436,69.95084134615384
489,0.32510714285714293,114,0,0.0,0.033932135728542916,4.464912280701754,66.21335526315791
490,0.6014285714285714,77,0,0.0,0.02824858757062147,4.675324675324675,66.35981601731602
491,0.3700293753865182,73,0,0.0,0.02735562310030395,4.63013698630137,70.48309360730595
492,0.38125,136,1,0.007352941176470588,0.02831858407079646,4.220588235294118,59.416568627451
493,0.2591666666666667,69,0,0.0,0.033210332103321034,4.0144927536231885,79.81629411764708
494,0.45066666666666666,78,0,0.0,0.02506265664160401,5.230769230769231,47.21692307692311
495,0.3666666666666667,93,3,0.03225806451612903,0.03289473684210526,5.032258064516129,45.136645161290346
496,0.30909090909090914,119,0,0.0,0.02391304347826087,3.9495798319327733,75.08904061624652
497,0.2803333333333333,81,1,0.012345679012345678,0.03225806451612903,4.395061728395062,75.91916666666668
498,0.5252777777777778,33,1,0.030303030303030304,0.047244094488188976,3.9393939393939394,85.4336363636364
499,0.20340909090909093,122,0,0.0,0.03339517625231911,4.549180327868853,61.376994535519145
500,0.4875,103,0,0.0,0.042505592841163314,4.485436893203883,66.26549083063648
501,0.4125,107,2,0.018691588785046728,0.03359683794466403,4.906542056074766,48.33082242990656
502,0.5222222222222223,73,2,0.0273972602739726,0.022364217252396165,4.397260273972603,70.10303082191781
503,0.5963333333333334,89,1,0.011235955056179775,0.04611650485436893,4.775280898876405,54.85997893258428
504,0.4216517857142857,68,3,0.04411764705882353,0.05519480519480519,4.720588235294118,78.379151119403
505,0.42833333333333334,108,0,0.0,0.04814004376367615,4.37037037037037,70.93250000000003
506,0.6561904761904762,38,0,0.0,0.02857142857142857,4.7631578947368425,69.99468421052632
507,0.5636363636363636,95,7,0.07368421052631578,0.04081632653061224,4.8,65.3946052631579
508,0.19409090909090906,118,0,0.0,0.020869565217391306,4.932203389830509,45.63435028248588
509,0.36222222222222217,117,0,0.0,0.0189873417721519,4.17948717948718,72.07326923076926
510,0.35625000000000007,118,0,0.0,0.029661016949152543,4.1440677966101696,77.88093220338986
511,0.20897435897435898,102,0,0.0,0.020089285714285716,4.5588235294117645,43.76617647058828
512,0.38225000000000003,116,0,0.0,0.02412280701754386,4.008620689655173,80.73235632183909
513,0.3107142857142858,74,3,0.04054054054054054,0.03287671232876712,5.081081081081081,55.767054054054086
514,0.3875,101,3,0.0297029702970297,0.045454545454545456,4.693069306930693,55.662693069306954
515,0.49090909090909096,98,0,0.0,0.026829268292682926,4.326530612244898,72.68356529209625
516,0.32702898550724635,123,0,0.0,0.032846715328467155,4.59349593495935,73.05618625277164
517,0.20833333333333334,122,0,0.0,0.02722323049001815,4.647540983606557,56.55588524590166
518,0.4666666666666667,156,3,0.019230769230769232,0.030985915492957747,4.628205128205129,65.05320512820515
519,0.29333333333333333,103,1,0.009708737864077669,0.04132231404958678,4.796116504854369,49.58036893203885
520,0.324607843137255,176,1,0.005681818181818182,0.023448275862068966,4.2102272727272725,67.87409090909092
521,0.30892857142857144,121,3,0.024793388429752067,0.041121495327102804,4.619834710743802,66.33105888429753
522,0.29000000000000004,73,0,0.0,0.021671826625386997,4.5479452054794525,70.33106849315071
523,0.43916666666666665,54,0,0.0,0.022222222222222223,4.277777777777778,69.36583333333336
524,0.3561180124223602,107,1,0.009345794392523364,0.023605150214592276,4.5046728971962615,77.82386098130843
525,0.2590277777777778,115,2,0.017391304347826087,0.026530612244897958,4.3652173913043475,68.0417391304348
526,0.26666666666666666,69,0,0.0,0.017191977077363897,5.130434782608695,53.05408695652176
527,0.3408333333333333,53,0,0.0,0.030973451327433628,4.3584905660377355,72.07304245283022
528,0.19166666666666668,99,2,0.020202020202020204,0.030456852791878174,4.1313131313131315,73.71585034013607
529,0.30277777777777776,71,0,0.0,0.03899721448467967,5.154929577464789,55.4128990610329
530,0.3900877192982456,242,1,0.004132231404958678,0.037463976945244955,4.421487603305785,72.82749878463785
531,0.46230158730158727,93,0,0.0,0.036281179138321996,4.849462365591398,64.9517540322581
532,0.5937500000000001,49,2,0.04081632653061224,0.029850746268656716,4.224489795918367,86.39004081632655
533,0.31946022727272727,97,2,0.020618556701030927,0.03597122302158273,4.43298969072165,75.04152706185569
534,0.002083333333333326,78,1,0.01282051282051282,0.038922155688622756,4.435897435897436,77.3019230769231
535,0.4135185185185185,91,0,0.0,0.03365384615384615,4.637362637362638,62.85650549450553
536,0.42142857142857154,105,0,0.0,0.029473684210526315,4.6571428571428575,63.793125
537,0.2892857142857143,59,1,0.01694915254237288,0.02456140350877193,5.0,59.199929378531095
538,0.3869677871148459,116,0,0.0,0.033264033264033266,4.2844827586206895,71.7812931034483
539,0.35262070105820104,137,4,0.029197080291970802,0.028960817717206135,4.394160583941606,65.68666666666668
540,0.49854166666666677,208,0,0.0,0.04529616724738676,4.274038461538462,78.49790723981903
541,0.3453125,79,0,0.0,0.029850746268656716,4.3164556962025316,67.6461012658228
542,0.58125,35,1,0.02857142857142857,0.053691275167785234,4.4,45.61857142857143
543,0.4615151515151515,55,1,0.01818181818181818,0.0364963503649635,5.218181818181818,63.70901515151516
544,0.4323245614035088,169,2,0.011834319526627219,0.03183023872679045,4.550295857988166,61.02942899408285
545,0.31249999999999994,40,1,0.025,0.022988505747126436,4.525,61.75000000000003
546,0.12013888888888889,59,1,0.01694915254237288,0.037037037037037035,4.745762711864407,60.07155932203392
547,0.4266666666666666,91,1,0.01098901098901099,0.05660377358490566,4.208791208791209,62.605000000000004
548,0.32857142857142857,102,2,0.0196078431372549,0.030973451327433628,4.568627450980392,67.63323529411767
549,0.26862745098039215,105,1,0.009523809523809525,0.022540983606557378,4.761904761904762,54.99428571428572
550,0.4705555555555556,79,5,0.06329113924050633,0.039755351681957186,4.30379746835443,76.74425105485233
551,0.4812212643678161,179,2,0.0111731843575419,0.029336734693877552,4.553072625698324,63.14039338919929
552,0.5305555555555556,52,2,0.038461538461538464,0.08181818181818182,4.403846153846154,80.52961538461541
553,0.3026348039215686,115,4,0.034782608695652174,0.02862595419847328,4.660869565217391,64.2164130434783
554,0.40458333333333335,54,0,0.0,0.043478260869565216,4.351851851851852,76.80633333333336
555,0.35892857142857143,103,0,0.0,0.026200873362445413,4.592233009708738,61.30388349514564
556,0.48392857142857154,129,3,0.023255813953488372,0.046296296296296294,4.317829457364341,70.44847674418607
557,0.7095238095238096,50,1,0.02,0.039473684210526314,4.66,63.863500000000016
558,0.45083333333333336,68,0,0.0,0.0273972602739726,4.411764705882353,72.16401960784316
559,0.35333333333333333,64,0,0.0,0.033707865168539325,4.3125,83.711875
560,0.4697265625,88,4,0.045454545454545456,0.027700831024930747,4.2272727272727275,79.34500000000003
561,0.14325260416666669,92,6,0.06521739130434782,0.03937007874015748,4.336956521739131,72.64775362318842
562,0.2582544642857143,138,4,0.028985507246376812,0.027491408934707903,4.36231884057971,70.26658102766801
563,0.3330892255892256,252,1,0.003968253968253968,0.03315881326352531,4.678571428571429,59.24875
564,0.4740740740740741,54,1,0.018518518518518517,0.015810276679841896,4.814814814814815,64.53333333333336
565,0.39375,49,1,0.02040816326530612,0.05217391304347826,4.836734693877551,46.954625850340165
566,0.3943888888888889,140,0,0.0,0.037993920972644375,4.814285714285714,57.95253246753248
567,0.28541666666666665,141,0,0.0,0.021848739495798318,4.326241134751773,73.93333333333334
568,0.5883333333333333,132,1,0.007575757575757576,0.028735632183908046,4.151515151515151,78.07336363636367
569,0.38414473684210526,138,6,0.043478260869565216,0.05081967213114754,4.615942028985507,70.10163043478265
570,0.6714285714285715,77,2,0.025974025974025976,0.041935483870967745,4.142857142857143,82.78747474747476
571,0.5229999999999999,62,4,0.06451612903225806,0.032846715328467155,4.645161290322581,72.17569892473118
572,0.25357142857142856,95,2,0.021052631578947368,0.04473684210526316,4.08421052631579,77.66732456140353
573,0.25,55,0,0.0,0.024096385542168676,4.618181818181818,61.84818181818184
574,0.3098717948717949,79,0,0.0,0.025974025974025976,4.987341772151899,41.40501054852322
575,0.5666666666666668,79,0,0.0,0.017543859649122806,4.455696202531645,67.8246153846154
576,0.27770833333333333,69,2,0.028985507246376812,0.03322259136212625,4.521739130434782,61.63669565217393
577,0.16145833333333331,105,0,0.0,0.046908315565031986,4.695238095238095,70.75285714285717
578,0.3577777777777778,64,0,0.0,0.03767123287671233,4.65625,51.23428571428573
579,0.42083333333333334,56,0,0.0,0.02066115702479339,4.428571428571429,67.0311904761905
580,0.4354761904761905,146,2,0.0136986301369863,0.041791044776119404,4.773972602739726,66.79741306638567
581,0.2024215367965368,118,0,0.0,0.033264033264033266,4.169491525423729,77.86883474576273
582,0.3845238095238095,39,0,0.0,0.018867924528301886,5.589743589743589,60.27721153846156
583,0.23666666666666666,157,1,0.006369426751592357,0.004398826979472141,4.477707006369426,65.34663375796183
584,0.2740740740740741,71,0,0.0,0.018867924528301886,5.352112676056338,33.869671361502355
585,0.584375,102,0,0.0,0.02857142857142857,4.186274509803922,51.230882352941194
586,0.3596988795518207,160,1,0.00625,0.0350076103500761,4.2875,68.09500000000004
587,0.3271083505866115,215,0,0.0,0.04004576659038902,4.158139534883721,69.3433403805497
588,0.21282051282051284,131,0,0.0,0.03612167300380228,4.099236641221374,73.59630407124685
589,0.4867777777777778,88,1,0.011363636363636364,0.0225,4.6477272727272725,72.73924242424245
590,0.3525297619047619,214,5,0.02336448598130841,0.0364963503649635,4.616822429906542,65.2106542056075
591,0.32749999999999996,184,0,0.0,0.033012379642365884,4.032608695652174,74.52152173913045
592,0.68,52,0,0.0,0.07547169811320754,4.269230769230769,78.90269230769233
593,0.328125,114,0,0.0,0.020316027088036117,4.043859649122807,82.91315789473686
594,0.2285714285714286,146,1,0.00684931506849315,0.04679376083188908,4.171232876712328,74.96668493150688
595,0.6472222222222221,72,5,0.06944444444444445,0.029850746268656716,4.777777777777778,64.92622535211268
596,0.3129166666666667,182,0,0.0,0.053445850914205346,4.0,78.02105311355312
597,0.35833333333333334,79,1,0.012658227848101266,0.029585798816568046,4.455696202531645,80.08529272151901
598,0.31302083333333336,57,3,0.05263157894736842,0.058823529411764705,4.298245614035087,63.78614779874215
599,0.30714285714285716,135,4,0.02962962962962963,0.010438413361169102,3.696296296296296,84.98952439024391
600,0.18890873015873016,115,0,0.0,0.03415559772296015,4.695652173913044,57.742608695652194
601,0.43333333333333335,78,1,0.01282051282051282,0.09393939393939393,4.423076923076923,73.24769230769233
602,0.4375,70,0,0.0,0.03076923076923077,4.742857142857143,51.41738095238097
603,0.23555555555555555,121,6,0.049586776859504134,0.0684931506849315,4.380165289256198,67.63380165289259
604,0.4034615384615385,146,0,0.0,0.032520325203252036,4.321917808219178,58.713378995433814
605,0.30500690131124913,212,2,0.009433962264150943,0.03267211201866978,4.183962264150943,72.38398113207548
606,0.28,86,2,0.023255813953488372,0.02743142144638404,4.8023255813953485,64.51383720930235
607,0.14500000000000002,141,0,0.0,0.03296703296703297,4.659574468085107,67.22454545454548
608,0.30666666666666664,57,0,0.0,0.02390438247011952,4.543859649122807,81.42407894736841
609,0.296875,30,2,0.06666666666666667,0.034013605442176874,5.1,79.48500000000001
610,0.2683730158730158,176,1,0.005681818181818182,0.028205128205128206,4.590909090909091,61.047474747474766
611,0.4057291666666667,99,3,0.030303030303030304,0.030303030303030304,4.444444444444445,69.42545454545457
612,0.20965522572665427,138,0,0.0,0.043478260869565216,4.355072463768116,74.18036231884061
613,0.3428629032258063,179,5,0.027932960893854747,0.039240506329113925,4.581005586592179,66.1955436183928
614,0.3642857142857143,179,2,0.0111731843575419,0.034013605442176874,4.251396648044692,80.29573465859986
615,0.4575757575757576,110,2,0.01818181818181818,0.029473684210526315,4.418181818181818,69.83671717171718
616,0.5458333333333334,43,0,0.0,0.023529411764705882,4.093023255813954,85.7470058139535
617,0.26666666666666666,93,0,0.0,0.02857142857142857,4.268817204301075,75.091935483871
618,0.24794372294372294,72,0,0.0,0.07216494845360824,4.180555555555555,83.34281690140848
619,0.2604201680672269,131,0,0.0,0.025547445255474453,4.259541984732825,71.3868940839695
620,0.22944444444444445,105,2,0.01904761904761905,0.04433497536945813,4.0,79.6157142857143
621,0.2110414207005116,172,2,0.011627906976744186,0.03694267515923567,4.72093023255814,60.95992248062018
622,0.3718939393939394,166,2,0.012048192771084338,0.030612244897959183,4.234939759036145,69.87774431057566
623,0.08136363636363635,115,1,0.008695652173913044,0.04030710172744722,4.626086956521739,64.3634782608696
624,0.14015151515151517,92,2,0.021739130434782608,0.03759398496240601,4.423913043478261,71.19282608695653
625,0.6693333333333333,30,0,0.0,0.0,4.966666666666667,55.4025
626,0.27497939560439566,268,1,0.0037313432835820895,0.040345821325648415,3.996268656716418,88.13166666666666
627,0.5833333333333333,113,0,0.0,0.05263157894736842,4.115044247787611,79.54420845624388
628,0.46499999999999997,83,2,0.024096385542168676,0.028169014084507043,4.36144578313253,75.54457831325303
629,0.3959693877551021,66,1,0.015151515151515152,0.028169014084507043,4.409090909090909,73.44204545454546
630,0.6653846153846152,123,0,0.0,0.024822695035460994,4.67479674796748,60.38048780487807
631,0.15303030303030304,92,1,0.010869565217391304,0.03836930455635491,4.684782608695652,62.91673913043479
632,0.19444444444444445,160,0,0.0,0.03498542274052478,4.36875,66.191320754717
633,0.1830687830687831,234,1,0.004273504273504274,0.01860920666013712,4.5085470085470085,61.18721673819745
634,0.29309523809523813,113,1,0.008849557522123894,0.03956043956043956,4.132743362831858,81.79022615535892
635,0.6359375,133,2,0.015037593984962405,0.037383177570093455,4.969924812030075,62.93700375939849
636,0.4371031746031746,55,0,0.0,0.04411764705882353,5.1454545454545455,60.595113636363635
637,0.42088235294117643,172,5,0.029069767441860465,0.036241610738255034,4.47093023255814,62.18235294117649
638,0.6270833333333333,32,0,0.0,0.0,4.28125,71.62625000000001
639,0.44149659863945573,157,1,0.006369426751592357,0.025495750708215296,4.630573248407643,64.8077802547771
640,0.3082512315270936,267,1,0.003745318352059925,0.01720269259536275,5.187265917602996,38.72234991423673
641,0.4283333333333334,43,0,0.0,0.03940886699507389,4.8604651162790695,54.267936046511636
642,0.8,65,0,0.0,0.01,4.707692307692308,60.18740384615384
643,0.645,56,1,0.017857142857142856,0.03937007874015748,4.642857142857143,67.4402380952381
644,0.35000000000000003,67,1,0.014925373134328358,0.03481012658227848,4.865671641791045,59.13068407960199
645,0.2857738095238095,132,1,0.007575757575757576,0.017770597738287562,4.848484848484849,60.16863636363637
646,0.2486772486772487,116,1,0.008620689655172414,0.02247191011235955,4.75,63.95821839080462
647,0.32012617012617,197,0,0.0,0.034753363228699555,4.66497461928934,61.442545685279214
648,0.32536130536130536,121,0,0.0,0.03486238532110092,4.619834710743802,68.73599632690544
649,0.44469696969696976,102,0,0.0,0.037122969837587005,4.392156862745098,70.31139705882356
650,0.3678571428571429,97,1,0.010309278350515464,0.029925187032418952,4.309278350515464,70.93923539518902
651,0.1823924731182796,222,4,0.018018018018018018,0.016339869281045753,4.2657657657657655,69.92236486486487
652,0.30833333333333335,54,0,0.0,0.02830188679245283,4.037037037037037,91.2991666666667
653,0.39743589743589747,114,0,0.0,0.042884990253411304,4.640350877192983,61.01861842105265
654,0.4324147727272727,147,6,0.04081632653061224,0.03739837398373984,4.346938775510204,73.35939795918368
655,0.25,68,0,0.0,0.030303030303030304,5.0588235294117645,56.282454545454584
656,0.7933333333333333,33,2,0.06060606060606061,0.055944055944055944,4.575757575757576,75.17909090909093
657,0.33281249999999996,66,1,0.015151515151515152,0.023972602739726026,4.621212121212121,71.66427272727275
658,0.4852380952380953,33,0,0.0,0.025157232704402517,4.9393939393939394,49.54272727272729
659,0.72,50,0,0.0,0.02643171806167401,4.68,68.09433333333337
660,0.41979797979797984,172,2,0.011627906976744186,0.03477051460361613,4.308139534883721,65.90779605263158
661,0.25347222222222227,115,3,0.02608695652173913,0.023166023166023165,4.643478260869565,59.432300884955794
662,0.2373015873015873,114,0,0.0,0.04024144869215292,4.508771929824562,65.47125000000001
663,0.3877777777777778,140,0,0.0,0.03908794788273615,4.521428571428571,62.656428571428606
664,0.5529166666666666,90,0,0.0,0.0327455919395466,4.5777777777777775,71.29000000000002
665,0.35716666666666663,287,0,0.0,0.020391517128874388,4.358885017421603,68.06606816202093
666,0.5787603305785125,83,1,0.012048192771084338,1.0,4.0843373493975905,87.3925167336011
667,0.6125,42,0,0.0,0.02197802197802198,4.428571428571429,59.20607142857145
668,0.4246428571428571,149,0,0.0,0.016778523489932886,4.100671140939597,69.96959731543627
669,0.2632456140350877,170,0,0.0,0.041666666666666664,4.517647058823529,63.03179585798817
670,0.38,118,0,0.0,0.02490421455938697,4.5,64.27502824858759
671,0.2738095238095238,82,0,0.0,0.03363914373088685,4.109756097560975,74.23524390243907
672,0.1981372549019608,131,0,0.0,0.03104575163398693,4.809160305343512,57.17926049618325
673,0.4887987012987013,85,2,0.023529411764705882,0.03430079155672823,4.576470588235294,75.07470588235296
674,0.3291950113378685,104,0,0.0,0.02240325865580448,4.846153846153846,53.39358974358976
675,0.462037037037037,79,0,0.0,0.04985337243401759,4.3924050632911396,67.6461012658228
676,0.38676470588235295,180,2,0.011111111111111112,0.0343878954607978,4.1722222222222225,64.1380836454432
677,0.34388888888888886,138,0,0.0,0.030390738060781478,5.1231884057971016,46.310608695652206
678,0.20037815126050423,97,0,0.0,0.040632054176072234,4.701030927835052,55.447092783505155
679,0.10712962962962964,99,0,0.0,0.025,4.656565656565657,60.96528409090914
680,0.3842424242424242,85,0,0.0,0.04120879120879121,4.3882352941176475,76.00642156862747
681,0.2604166666666667,102,2,0.0196078431372549,0.02586206896551724,4.666666666666667,71.97022058823532
682,0.3543650793650794,108,1,0.009259259259259259,0.016359918200409,4.611111111111111,59.57500000000002
683,0.6261904761904763,76,0,0.0,0.029508196721311476,4.105263157894737,73.41226315789477
684,0.38965909090909095,183,2,0.01092896174863388,0.018691588785046728,4.180327868852459,67.58080942622954
685,0.3208730158730158,185,0,0.0,0.046753246753246755,4.308108108108108,71.9039864864865
686,0.5053846153846153,79,0,0.0,0.03812316715542522,4.417721518987341,77.58253164556962
687,0.5280357142857143,79,6,0.0759493670886076,0.09006211180124224,4.227848101265823,75.4407594936709
688,0.5080357142857144,47,5,0.10638297872340426,0.04918032786885246,4.0638297872340425,83.89400000000002
689,0.5131249999999999,79,1,0.012658227848101266,0.027989821882951654,5.1265822784810124,61.75184599156117
690,0.15055555555555555,59,0,0.0,0.0313588850174216,4.966101694915254,52.77561440677968
691,0.275,105,0,0.0,0.03418803418803419,4.552380952380952,57.41142857142859
692,0.5830208333333333,71,0,0.0,0.030100334448160536,4.309859154929577,79.24388497652585
693,0.7938775510204081,54,4,0.07407407407407407,0.037383177570093455,4.111111111111111,84.90000000000003
694,0.5545068027210884,72,0,0.0,0.039473684210526314,4.319444444444445,67.32839201877937
695,0.2685416666666667,102,1,0.00980392156862745,0.03160270880361174,4.470588235294118,59.36235294117648
696,0.46416666666666667,40,1,0.025,0.030927835051546393,4.975,57.94166666666669
697,0.6633333333333333,76,1,0.013157894736842105,0.0313588850174216,3.8815789473684212,71.18594736842107
698,0.36391941391941385,100,0,0.0,0.033185840707964605,4.62,66.40233333333336
699,0.5126282051282052,115,0,0.0,0.039301310043668124,4.060869565217391,76.30000000000001
700,0.30892857142857144,122,1,0.00819672131147541,0.02857142857142857,4.680327868852459,56.82838114754102
701,0.24285714285714283,163,0,0.0,0.05106382978723404,4.441717791411043,57.59754601226996
702,0.40444444444444444,111,0,0.0,0.020833333333333332,4.423423423423423,59.25209459459461
703,0.4284722222222222,83,1,0.012048192771084338,0.04120879120879121,4.566265060240964,67.39036144578314
704,0.5800510204081633,156,1,0.00641025641025641,0.02676056338028169,4.75,65.65538461538465
705,0.5270833333333333,103,2,0.019417475728155338,0.049891540130151846,4.611650485436893,72.20570995145631
706,0.44063628899835794,276,0,0.0,0.039182282793867124,4.36231884057971,71.93426773455379
707,0.3277777777777778,56,1,0.017857142857142856,0.037815126050420166,4.339285714285714,68.74642857142858
708,0.4319444444444444,70,1,0.014285714285714285,0.02108433734939759,4.914285714285715,64.9507142857143
709,0.22791666666666666,143,1,0.006993006993006993,0.05459770114942529,5.111888111888112,44.70559440559444
710,0.24055555555555555,119,3,0.025210084033613446,0.03696498054474708,4.4789915966386555,68.01193277310927
711,0.3822420634920635,100,0,0.0,0.03416856492027335,4.53,65.55633333333336
712,0.28305145046524355,260,0,0.0,0.027624309392265192,4.242307692307692,65.49192307692311
713,0.41666666666666663,143,0,0.0,0.034013605442176874,4.230769230769231,65.30274647887325
714,0.3696428571428571,65,6,0.09230769230769231,0.05782312925170068,4.7846153846153845,65.95461538461538
715,0.38181818181818183,81,0,0.0,0.018292682926829267,4.111111111111111,74.52569444444444
716,0.35625,76,2,0.02631578947368421,0.034055727554179564,4.394736842105263,67.84647368421055
717,0.4708012820512821,100,2,0.02,0.028761061946902654,4.68,59.63500000000003
718,0.507969696969697,81,2,0.024691358024691357,0.023323615160349854,4.308641975308642,50.96333333333334
719,0.4574382716049382,143,1,0.006993006993006993,0.027156549520766772,4.454545454545454,72.36027972027975
720,0.21428571428571427,89,0,0.0,0.042440318302387266,4.314606741573034,60.442157303370806
721,0.4340259740259741,121,1,0.008264462809917356,0.028469750889679714,4.8264462809917354,56.1508723599633
722,0.4178030303030303,152,2,0.013157894736842105,0.047619047619047616,4.519736842105263,70.5848830409357
723,0.3666666666666667,48,0,0.0,0.024271844660194174,4.4375,72.50750000000001
724,0.38695238095238105,236,4,0.01694915254237288,0.03136531365313653,4.72457627118644,63.601052631578966
725,0.4366666666666667,102,1,0.00980392156862745,0.018711018711018712,4.872549019607843,71.74931372549023
726,0.4914285714285714,102,0,0.0,0.031026252983293555,4.196078431372549,73.43911764705885
727,0.20854166666666668,86,0,0.0,0.02689486552567237,4.825581395348837,51.22645348837213
728,0.27435897435897433,129,0,0.0,0.021739130434782608,4.48062015503876,74.24015503875972
729,0.31266865079365086,210,1,0.004761904761904762,0.03716608594657375,4.247619047619048,78.16476190476192
730,0.4305555555555556,47,0,0.0,0.024875621890547265,4.404255319148936,60.49400000000003
731,0.36020408163265305,175,0,0.0,0.03146853146853147,5.022857142857143,30.7519761904762
732,0.3781901041666667,218,3,0.013761467889908258,0.023307436182019976,4.270642201834862,67.12176146788991
733,0.29953703703703705,79,1,0.012658227848101266,0.02476780185758514,4.227848101265823,74.071417721519
734,0.535,55,0,0.0,0.029288702928870293,4.509090909090909,69.82420454545455
735,0.3777777777777778,79,0,0.0,0.028503562945368172,5.493670886075949,49.73949367088608
736,0.5333333333333333,147,2,0.013605442176870748,0.024539877300613498,4.5646258503401365,54.70883561643839
737,0.3754563492063492,175,0,0.0,0.04936530324400564,4.177142857142857,70.53951724137931
738,0.5317708333333334,57,0,0.0,0.07575757575757576,4.7894736842105265,66.58197368421054
739,0.3523809523809524,30,0,0.0,0.044585987261146494,5.4,59.745000000000005
740,0.37222222222222223,104,1,0.009615384615384616,0.027093596059113302,4.0,78.34607692307695
741,0.2991861979166667,164,9,0.054878048780487805,0.03610675039246468,3.975609756097561,75.63481707317074
742,0.3417777777777778,272,2,0.007352941176470588,0.027491408934707903,4.393382352941177,60.34965686274512
743,0.16798941798941802,233,1,0.004291845493562232,0.021526418786692758,4.48068669527897,60.0118550309967
744,0.21354166666666669,114,3,0.02631578947368421,0.032454361054766734,4.5,73.63440789473685
745,0.3389423076923077,116,4,0.034482758620689655,0.0533596837944664,4.508620689655173,63.02956896551726
746,0.38125,70,1,0.014285714285714285,0.02127659574468085,4.2,66.4123529411765
747,0.34011784511784515,166,4,0.024096385542168676,0.034383954154727794,4.319277108433735,74.30085980284778
748,0.27375,141,4,0.028368794326241134,0.03179650238473768,4.602836879432624,67.93333333333335
749,0.3365746753246753,203,0,0.0,0.020876826722338204,4.832512315270936,43.969030172413795
750,0.49000000000000005,89,0,0.0,0.037940379403794036,4.280898876404494,72.25808988764047
751,0.2109375,64,3,0.046875,0.04861111111111111,4.65625,59.20607142857145
752,0.28965873015873017,105,1,0.009523809523809525,0.04212860310421286,4.40952380952381,64.59883928571429
753,0.5404761904761904,140,0,0.0,0.06365159128978225,4.357142857142857,72.97642857142857
754,0.24789915966386555,163,0,0.0,0.027181688125894134,4.380368098159509,63.650009202454
755,0.4176997245179063,106,0,0.0,0.035940803382663845,4.622641509433962,64.56500000000001
756,0.2673611111111111,173,1,0.005780346820809248,0.015523932729624839,4.566473988439307,43.10443930635839
757,0.5071333333333334,259,0,0.0,0.026402640264026403,4.814671814671815,58.65296267696269
758,0.43571428571428567,68,0,0.0,0.03435114503816794,4.073529411764706,73.59570588235295
759,0.3569047619047619,81,2,0.024691358024691357,0.01881720430107527,4.703703703703703,56.70311111111113
760,0.31190476190476196,106,0,0.0,0.022900763358778626,5.10377358490566,43.814056603773594
761,0.6727272727272727,97,0,0.0,0.03248259860788863,4.628865979381444,65.07081328751434
762,0.4629545454545454,70,4,0.05714285714285714,0.03215434083601286,4.571428571428571,67.42803571428573
763,0.36145833333333327,138,0,0.0,0.030664395229982964,4.369565217391305,63.60326086956525
764,0.4747222222222223,100,0,0.0,0.034934497816593885,4.69,56.97500000000002
765,0.3304464285714286,123,0,0.0,0.03090909090909091,4.609756097560975,57.521823770491835
766,0.5305555555555556,81,0,0.0,0.02962962962962963,5.1234567901234565,55.134444444444455
767,0.321875,109,0,0.0,0.020754716981132074,5.027522935779817,59.315000000000026
768,0.5002083333333334,35,0,0.0,0.026595744680851064,5.514285714285714,40.198571428571455
769,0.3766203703703704,121,2,0.01652892561983471,0.036885245901639344,4.181818181818182,74.3293847566575
770,0.28956349206349213,283,0,0.0,0.038810900082576386,4.402826855123675,64.22423696996468
771,0.18690476190476193,151,0,0.0,0.050492610837438424,5.655629139072848,30.306887417218547
772,0.43163265306122456,66,1,0.015151515151515152,0.0353356890459364,4.409090909090909,72.94609090909093
773,0.5071428571428572,63,0,0.0,0.0457516339869281,4.9523809523809526,55.17750000000001
774,0.41119047619047616,102,1,0.00980392156862745,0.028446389496717725,4.637254901960785,63.67610294117648
775,0.4576923076923078,132,1,0.007575757575757576,0.03395585738539898,4.606060606060606,62.07681818181821
776,0.36739926739926737,177,1,0.005649717514124294,0.03402187120291616,4.768361581920904,60.423072033898336
777,0.42500000000000004,37,1,0.02702702702702703,0.026881720430107527,5.108108108108108,36.549099099099095
778,0.36111111111111116,87,4,0.04597701149425287,0.049479166666666664,4.609195402298851,72.30032327586207
779,0.349469696969697,144,3,0.020833333333333332,0.05663716814159292,4.0625,75.76500000000001
780,0.46309523809523806,131,3,0.022900763358778626,0.0432,4.923664122137405,57.759594832648304
781,0.3403581267217631,95,0,0.0,0.03496503496503497,4.631578947368421,62.528377192982475
782,0.5027210884353741,69,2,0.028985507246376812,0.041811846689895474,4.333333333333333,61.90568181818185
783,0.12300565175565174,271,1,0.0036900369003690036,0.023140495867768594,4.601476014760148,57.37135679818337
784,0.47324248120300755,137,2,0.014598540145985401,0.03307086614173228,4.781021897810219,65.13232249502323
785,0.30022522522522527,328,0,0.0,0.018421052631578946,4.722560975609756,53.645373027259694
786,0.37613636363636366,96,0,0.0,0.030303030303030304,4.958333333333333,60.16999999999999
787,0.6125,94,2,0.02127659574468085,0.02947845804988662,4.829787234042553,62.13388888888889
788,0.2520634920634921,210,0,0.0,0.029308323563892145,4.180952380952381,78.04170329670332
789,0.19416666666666665,161,0,0.0,0.0451527224435591,4.801242236024844,54.68398895790202
790,0.44938596491228067,275,3,0.01090909090909091,0.04017467248908297,4.276363636363636,73.81096464646467
791,0.6428571428571429,71,1,0.014084507042253521,0.032448377581120944,4.901408450704225,48.21593309859159
792,0.3376851851851852,55,1,0.01818181818181818,0.0456140350877193,5.363636363636363,37.559924242424245
793,0.6166666666666666,106,1,0.009433962264150943,0.03317535545023697,4.113207547169812,72.5461320754717
794,0.24564200680272114,407,0,0.0,0.028617710583153346,4.71990171990172,63.09171990171993
795,0.19,72,0,0.0,0.0391566265060241,4.722222222222222,58.920000000000016
796,0.6571428571428573,99,0,0.0,0.048723897911832945,4.555555555555555,64.29818181818186
797,0.5151111111111111,114,4,0.03508771929824561,0.038461538461538464,4.701754385964913,65.59412280701756
798,0.5147619047619048,111,1,0.009009009009009009,0.02534562211981567,3.981981981981982,76.01966216216218
799,0.3275,107,2,0.018691588785046728,0.04184100418410042,4.5514018691588785,68.76859813084114
800,0.03229166666666668,151,0,0.0,0.023255813953488372,4.423841059602649,66.65965645695364
801,-0.1261904761904762,264,6,0.022727272727272728,0.028233151183970857,4.306818181818182,71.68463636363637
802,0.16110878357753358,498,10,0.020080321285140562,0.07066598881545501,4.255020080321285,81.84698387096778
803,0.08095238095238096,96,4,0.041666666666666664,0.021621621621621623,4.020833333333333,83.64000000000001
804,-0.12240896358543416,165,0,0.0,0.020634920634920634,3.9393939393939394,80.87659090909091
805,0.12848124098124097,361,0,0.0,0.030470914127423823,4.271468144044321,78.81112555452391
806,0.04919786096256685,157,0,0.0,0.032679738562091505,4.089171974522293,78.72341989220973
807,-0.0828030303030303,183,1,0.00546448087431694,0.0340599455040872,4.284153005464481,80.72740983606559
808,0.0005776014109347446,245,0,0.0,0.029835390946502057,4.130612244897959,86.91251700680273
809,0.12404181184668989,529,1,0.001890359168241966,0.05531914893617021,4.170132325141777,78.32956937799044
810,0.09922619047619047,237,1,0.004219409282700422,0.0210727969348659,4.590717299578059,67.5269230769231
811,0.042891156462585026,120,0,0.0,0.028409090909090908,4.541666666666667,63.94641596638658
812,-0.018214285714285693,147,0,0.0,0.021439509954058193,4.625850340136054,71.70156462585037
813,0.021071428571428567,132,0,0.0,0.016483516483516484,4.242424242424242,65.6778125
814,0.0324404761904762,84,0,0.0,0.02481389578163772,4.916666666666667,56.184642857142876
815,0.18571428571428575,226,4,0.017699115044247787,0.022950819672131147,4.216814159292035,69.42890117994101
816,0.24576414326414317,256,0,0.0,0.03064066852367688,4.3515625,71.20452083333335
817,0.09924036281179138,197,1,0.005076142131979695,0.02564102564102564,4.116751269035533,77.73793877551022
818,0.022108843537414987,123,0,0.0,0.028112449799196786,4.2682926829268295,78.9006293706294
819,-0.03541666666666665,112,4,0.03571428571428571,0.016597510373443983,4.544642857142857,69.21551351351353
820,-0.0625,49,1,0.02040816326530612,0.011235955056179775,3.816326530612245,92.53594387755103
821,0.10899470899470903,173,2,0.011560693641618497,0.017543859649122806,4.46242774566474,72.3142093023256
822,0.06564484126984126,246,1,0.0040650406504065045,0.023540489642184557,4.430894308943089,68.63783302063793
823,0.24614379084967317,113,0,0.0,0.029106029106029108,4.415929203539823,78.86658889782785
824,-0.023636363636363636,126,0,0.0,0.0260707635009311,4.507936507936508,74.35149350649353
825,0.23562500000000003,164,0,0.0,0.03206106870229008,4.475609756097561,80.85472222222226
826,0.01591097308488612,276,1,0.0036231884057971015,0.026022304832713755,4.028985507246377,78.16514492753625
827,0.07653442086368917,273,0,0.0,0.03305785123966942,4.131868131868132,81.10992032967036
828,0.061400000000000024,239,0,0.0,0.03222748815165877,4.543933054393306,68.91429567642957
829,0.09235416666666665,244,4,0.01639344262295082,0.019762845849802372,4.327868852459017,76.25302185792351
830,0.14276556776556776,141,4,0.028368794326241134,0.01950354609929078,4.163120567375887,80.32350000000002
831,-0.05592105263157895,241,0,0.0,0.024364406779661018,4.091286307053942,78.30464971751414
832,-0.007261904761904755,245,0,0.0,0.026812313803376366,4.2326530612244895,67.88492935635793
833,0.0059523809523809494,126,0,0.0,0.030716723549488054,4.865079365079365,53.08564516129036
834,0.1272636217948718,136,1,0.007352941176470588,0.02226027397260274,4.448529411764706,69.54588235294119
835,0.1672514619883041,165,0,0.0,0.020289855072463767,4.321212121212121,70.0242613636364
836,-0.013525641025641013,179,2,0.0111731843575419,0.018950437317784258,4.106145251396648,75.95021428571431
837,0.20735930735930738,210,0,0.0,0.026115342763873776,4.519047619047619,69.58170329670331
838,-0.24007936507936506,90,0,0.0,0.024390243902439025,4.177777777777778,74.11000000000003
839,0.13066051136363638,272,12,0.04411764705882353,0.02497918401332223,4.713235294117647,70.08396402214022
840,-0.08728070175438594,114,0,0.0,0.0213903743315508,5.105263157894737,63.91136842105266
841,-0.021543560606060604,133,4,0.03007518796992481,0.04275092936802974,4.2556390977443606,80.04625795257377
842,0.13944444444444448,223,1,0.004484304932735426,0.014161220043572984,4.286995515695067,68.70678921568629
843,0.02857142857142858,154,0,0.0,0.010510510510510511,4.51948051948052,66.21578947368424
844,0.2,174,1,0.005747126436781609,0.02023809523809524,4.9655172413793105,57.729835260115635
845,0.12023076923076921,254,0,0.0,0.022944550669216062,4.275590551181103,67.43102059357967
846,0.14716666666666667,130,0,0.0,0.0,4.7153846153846155,73.6896153846154
847,-0.006076388888888885,164,1,0.006097560975609756,0.03155006858710562,4.682926829268292,73.80113821138214
848,0.008824143692564726,302,1,0.0033112582781456954,0.022113022113022112,4.228476821192053,74.67111846946287
849,0.04864718614718615,93,0,0.0,0.017326732673267328,4.56989247311828,63.770000000000024
850,-0.0017316017316017507,157,0,0.0,0.032305433186490456,4.585987261146497,69.52407692307693
851,-0.0875,82,0,0.0,0.013623978201634877,4.536585365853658,65.31774390243905
852,0.296875,48,0,0.0,0.026041666666666668,4.125,76.0325
853,0.08095238095238096,96,4,0.041666666666666664,0.021621621621621623,4.020833333333333,83.64000000000001
854,0.13484714873603762,377,0,0.0,0.023240800516462233,4.29973474801061,76.82202500000002
855,0.25833333333333336,92,2,0.021739130434782608,0.016129032258064516,4.217391304347826,77.58103896103897
856,-0.09129251700680267,153,1,0.006535947712418301,0.039473684210526314,4.281045751633987,84.78788235294118
857,0.037179487179487186,127,1,0.007874015748031496,0.002028397565922921,4.0078740157480315,68.47604724409449
858,-0.07231884057971015,337,3,0.008902077151335312,0.021961932650073207,4.2373887240356085,74.12941017964073
859,0.16845238095238096,104,1,0.009615384615384616,0.028368794326241134,4.163461538461538,76.71915384615386
860,0.25833333333333336,63,0,0.0,0.044673539518900345,4.682539682539683,59.24875
861,0.13999999999999999,85,0,0.0,0.01971830985915493,4.305882352941176,77.11176470588238
862,-0.006076388888888885,164,1,0.006097560975609756,0.03155006858710562,4.682926829268292,73.80113821138214
863,0.04500000000000004,55,0,0.0,0.017699115044247787,4.2,71.32484848484852
864,-0.13271484375,85,4,0.047058823529411764,0.054441260744985676,4.2823529411764705,73.13058823529414
865,-0.047435897435897455,159,0,0.0,0.013574660633484163,4.251572327044025,72.37880503144656
866,0.03888888888888889,108,0,0.0,0.025806451612903226,4.407407407407407,74.06583333333336
867,0.01000881834215167,219,0,0.0,0.02367531003382187,4.210045662100456,74.95440783986656
868,0.12421418128654971,221,3,0.013574660633484163,0.021205357142857144,4.208144796380091,76.61024918743232
869,-0.0220531204906205,428,3,0.007009345794392523,0.02524986849026828,4.663551401869159,71.15887218994698
870,0.054999999999999986,193,0,0.0,0.040293040293040296,4.373056994818653,63.22167446524065
871,0.08928571428571429,89,0,0.0,0.02512562814070352,4.584269662921348,66.14552808988765
872,0.3115846354166667,326,5,0.015337423312883436,0.025974025974025976,4.432515337423313,73.40068181818184
873,0.11857142857142858,86,0,0.0,0.021791767554479417,5.046511627906977,65.08886627906978
874,0.14545454545454548,85,0,0.0,0.015037593984962405,4.91764705882353,60.854485294117666
875,-0.17412280701754387,282,1,0.0035460992907801418,0.023457862728062554,4.202127659574468,75.22350000000002
876,0.07051282051282051,120,0,0.0,0.02462121212121212,4.525,65.98000000000003
877,0.38380952380952377,86,0,0.0,0.049707602339181284,4.27906976744186,77.2328139534884
878,-0.03611111111111111,71,0,0.0,0.013559322033898305,4.23943661971831,74.43001760563384
879,-0.2813333333333333,100,0,0.0,0.025510204081632654,4.04,67.91250000000002
880,0.13069444444444445,166,1,0.006024096385542169,0.02446043165467626,4.337349397590361,81.43579956188393
881,-0.03333333333333334,132,0,0.0,0.04294478527607362,3.992424242424242,83.77772727272729
882,0.25125000000000003,181,3,0.016574585635359115,0.028683181225554105,4.3535911602209945,66.73916122551483
883,0.175,85,0,0.0,0.006430868167202572,3.788235294117647,63.65750000000003
884,-0.19999999999999998,143,1,0.006993006993006993,0.0231023102310231,4.461538461538462,66.22893793706297
885,0.10681216931216932,117,0,0.0,0.02411873840445269,4.769230769230769,67.8246153846154
886,-0.1633522727272727,210,0,0.0,0.02857142857142857,4.428571428571429,74.67673076923077
887,0.22524720893141945,248,0,0.0,0.021212121212121213,4.056451612903226,78.40268817204303
888,0.24238095238095242,113,0,0.0,0.03171247357293869,4.345132743362832,68.54190476190477
889,0.09402173913043478,235,1,0.00425531914893617,0.02327935222672065,4.438297872340425,66.65019230769234
890,0.025714285714285724,246,0,0.0,0.01833976833976834,4.353658536585366,70.24570617906686
891,0.2775,161,0,0.0,0.033527696793002916,4.490683229813665,73.40747252747254
892,-0.03932098765432099,189,2,0.010582010582010581,0.0182328190743338,3.931216931216931,67.11838709677421
893,-0.006111111111111113,99,0,0.0,0.02558139534883721,4.595959595959596,70.36528409090911
894,0.00151515151515153,115,1,0.008695652173913044,0.0137524557956778,4.626086956521739,67.30608695652177
895,0.10122222222222224,136,0,0.0,0.018900343642611683,4.477941176470588,61.28274509803924
896,-0.03223905723905725,322,8,0.024844720496894408,0.10965250965250965,4.403726708074534,81.25002920560749
897,0.01044444444444445,90,4,0.044444444444444446,0.028409090909090908,4.2555555555555555,84.32739466292135
898,-0.19722222222222222,210,0,0.0,0.015184381778741865,4.480952380952381,61.757385167464136
899,0.15740740740740744,144,0,0.0,0.032520325203252036,4.451388888888889,70.745
900,-0.30999999999999994,68,0,0.0,0.03861003861003861,4.147058823529412,88.7367647058824
901,0.0866825396825397,100,0,0.0,0.017278617710583154,4.71,52.86633333333336
902,0.3666666666666667,89,0,0.0,0.0343980343980344,4.786516853932584,72.32734269662922
903,0.0,153,0,0.0,0.024279210925644917,4.4183006535947715,61.90547794117647
904,0.058125,291,0,0.0,0.01596169193934557,4.381443298969073,63.52063218390806
905,0.422,100,0,0.0,0.022004889975550123,4.25,68.09500000000004
906,-0.02666666666666665,85,0,0.0,0.02564102564102564,4.305882352941176,77.00171568627452
907,0.04140624999999999,163,0,0.0,0.036818851251840944,4.294478527607362,70.41327070552148
908,0.019642857142857153,135,1,0.007407407407407408,0.04203152364273205,4.355555555555555,74.42333333333336
909,-0.011111111111111108,147,3,0.02040816326530612,0.021346469622331693,4.401360544217687,77.59335807050095
910,0.421875,66,0,0.0,0.033707865168539325,4.196969696969697,73.44204545454546
911,0.26875000000000004,46,0,0.0,0.017142857142857144,4.173913043478261,81.13641304347829
912,0.05051046176046174,206,1,0.0048543689320388345,0.04377880184331797,4.461165048543689,81.58055640243904
913,0.10084452584452584,208,0,0.0,0.021164021164021163,4.644230769230769,58.30188811188813
914,-0.048242424242424226,196,0,0.0,0.020107238605898123,4.035714285714286,89.03316326530613
915,0.11757575757575761,271,0,0.0,0.026532479414455627,4.199261992619927,79.44491351476017
916,0.014393939393939393,148,0,0.0,0.020618556701030927,4.04054054054054,69.90743243243243
917,0.05897953897953899,426,0,0.0,0.04184100418410042,4.039906103286385,75.12117647058825
918,0.08500526094276091,649,3,0.004622496147919877,0.05213613323678494,4.451463790446842,69.15671827307877
919,0.16650623885918003,241,2,0.008298755186721992,0.0328042328042328,4.012448132780083,82.35622087456113
920,0.3147058823529412,130,2,0.015384615384615385,0.24007561436672967,4.315384615384615,76.19612500000002
921,-0.1,124,0,0.0,0.031189083820662766,4.395161290322581,76.86668458781364
922,0.19223985890652556,83,0,0.0,0.019021739130434784,4.590361445783133,65.63419277108436
923,-0.07312925170068027,182,1,0.005494505494505495,0.013262599469496022,4.252747252747253,71.95999389499391
924,0.12545454545454546,75,0,0.0,0.005813953488372093,4.693333333333333,60.33975000000002
925,0.011309523809523816,172,0,0.0,0.05747126436781609,4.319767441860465,82.45396032831738
926,0.15905525846702318,170,0,0.0,0.025503355704697986,4.529411764705882,61.26042483660133
927,-0.027272727272727258,90,0,0.0,0.043256997455470736,4.533333333333333,67.57625000000003
928,-0.278125,127,1,0.007874015748031496,0.02037351443123939,4.811023622047244,70.51291338582679
929,-0.08257575757575761,105,0,0.0,0.03537735849056604,4.3238095238095235,70.63250000000004
930,0.0905328798185941,173,5,0.028901734104046242,0.02512562814070352,4.745664739884393,71.1608905346821
931,0.06733333333333334,99,0,0.0,0.03271028037383177,4.444444444444445,70.28000000000003
932,0.11405423280423282,380,0,0.0,0.01555023923444976,4.523684210526316,53.72078947368425
933,-0.03697199265381082,165,0,0.0,0.027941176470588237,4.3090909090909095,77.97068181818183
934,0.27222222222222225,88,0,0.0,0.025787965616045846,4.136363636363637,77.37267241379313
935,0.09444444444444444,108,0,0.0,0.021686746987951807,3.9722222222222223,83.07500000000003
936,-0.16319444444444445,166,0,0.0,0.035346097201767304,4.572289156626506,82.80576974564929
937,-0.05441176470588236,214,6,0.028037383177570093,0.017162471395881007,4.299065420560748,73.10971603163195
938,-0.09506172839506173,148,1,0.006756756756756757,0.015723270440251572,4.466216216216216,64.3085102739726
939,-0.11448717948717949,127,1,0.007874015748031496,0.025225225225225224,4.511811023622047,74.70512992125985
940,0.016666666666666673,105,2,0.01904761904761905,0.019801980198019802,4.0,81.9376923076923
941,0.09000000000000001,193,0,0.0,0.030136986301369864,3.9585492227979273,75.48339666090963
942,0.1476317523056654,329,2,0.0060790273556231,0.02714600146735143,4.279635258358662,72.23037267080748
943,-0.022499999999999985,211,1,0.004739336492890996,0.03733955659276546,4.265402843601896,81.89962184873953
944,0.14275641025641025,206,0,0.0,0.01744186046511628,4.325242718446602,69.96176963812889
945,-0.06319444444444444,65,0,0.0,0.022058823529411766,4.3538461538461535,73.55237500000003
946,-0.25285714285714284,123,3,0.024390243902439025,0.09053497942386832,4.08130081300813,79.80498475609757
947,-0.08828924162257495,94,0,0.0,0.03747072599531616,4.76595744680851,65.99516129032261
948,-0.14437499999999995,76,2,0.02631578947368421,0.10658307210031348,4.328947368421052,68.44210526315791
949,-0.19895833333333335,75,0,0.0,0.03470031545741325,4.333333333333333,73.17000000000003
950,0.22121212121212122,296,15,0.05067567567567568,0.04560530679933665,4.222972972972973,77.26966571834996
951,0.3014455782312925,140,1,0.007142857142857143,0.01773049645390071,4.192857142857143,82.27468253968254
952,0.06269841269841271,279,0,0.0,0.03076923076923077,4.56989247311828,21.856636363636397
953,0.2111607142857143,58,1,0.017241379310344827,0.01984126984126984,4.517241379310345,76.91272413793105
954,-0.03774801587301587,176,3,0.017045454545454544,0.021739130434782608,4.403409090909091,76.30795454545456
955,0.15873015873015872,201,0,0.0,0.03150525087514586,4.437810945273632,78.89423292935267
956,0.006798245614035087,241,7,0.029045643153526972,0.02716297786720322,4.3153526970954355,85.0275
957,0.11666666666666665,80,1,0.0125,0.06666666666666667,4.15,64.50083333333335
958,0.1827731092436975,275,0,0.0,0.019642857142857142,4.178181818181818,77.10241477272727
959,-0.06987408810325477,236,6,0.025423728813559324,0.03229278794402583,4.22457627118644,77.38456008583691
960,0.13549382716049385,201,0,0.0,0.02011173184357542,4.597014925373134,69.78190298507465
961,-0.25714285714285706,66,0,0.0,0.04814814814814815,4.196969696969697,77.28750000000002
962,-0.04078282828282828,225,1,0.0044444444444444444,0.04883227176220807,4.328888888888889,73.46427380952383
963,0.030139594531334503,194,16,0.08247422680412371,0.036613272311212815,4.752577319587629,69.49493243243246
964,0.001978114478114491,315,0,0.0,0.02074074074074074,4.4412698412698415,58.96648351648355
965,0.15999999999999998,78,0,0.0,0.022727272727272728,4.064102564102564,86.26307692307695
966,-0.571875,110,3,0.02727272727272727,0.007853403141361256,3.8727272727272726,92.09084607543323
967,0.15601851851851847,129,1,0.007751937984496124,0.030131826741996232,4.333333333333333,72.2727131782946
968,0.03543478260869565,195,0,0.0,0.01775147928994083,4.466666666666667,70.16586538461539
969,-0.18919191919191922,111,0,0.0,0.024691358024691357,4.513513513513513,73.09241554054056
970,0.15995691609977325,394,2,0.005076142131979695,0.046044098573281456,4.106598984771574,80.96073604060915
971,0.07001380262249828,615,0,0.0,0.01882693700217234,4.6292682926829265,60.121955909943736
972,0.4537587412587412,111,8,0.07207207207207207,0.002173913043478261,4.396396396396397,81.95102702702704
973,0.060972853535353526,143,9,0.06293706293706294,0.036585365853658534,4.286713286713287,81.03120892018782
974,0.09460119047619049,422,0,0.0,0.02263942573163998,4.395734597156398,72.45598341232231
975,0.2,146,0,0.0,0.043674698795180725,4.726027397260274,68.25650000000002
976,0.059375000000000004,175,0,0.0,0.02763157894736842,4.474285714285714,72.14263095238097
977,0.05069444444444445,104,1,0.009615384615384616,0.03110047846889952,4.3076923076923075,73.02706917475729
978,-0.0400793650793651,135,0,0.0,0.054878048780487805,3.8444444444444446,89.73250000000002
979,-0.08333333333333333,78,1,0.01282051282051282,0.01812688821752266,4.423076923076923,68.81942307692312
980,-0.78125,61,2,0.03278688524590164,0.02066115702479339,4.262295081967213,84.67500000000001
981,0.12954545454545452,172,1,0.005813953488372093,0.02244039270687237,4.25,79.69211627906978
982,-0.036756453423120096,173,1,0.005780346820809248,0.02051983584131327,4.3468208092485545,76.30497350674376
983,-0.02085137085137084,203,0,0.0,0.02442002442002442,4.216748768472907,75.89216954022992
984,-0.04172222222222223,149,0,0.0,0.03571428571428571,4.134228187919463,81.80045759609519
985,0.11875,278,0,0.0,0.014143094841930116,4.517985611510792,66.0488127090301
986,0.05751488095238098,244,2,0.00819672131147541,0.018108651911468814,4.188524590163935,75.4204098360656
987,-0.060416666666666674,99,0,0.0,0.04377880184331797,4.636363636363637,78.05619318181822
988,0.017619047619047618,512,0,0.0,0.01966652415562206,4.775390625,59.04026965725811
989,-0.06599999999999999,212,0,0.0,0.019428571428571427,4.254716981132075,74.29815596725551
990,0.07460317460317459,74,0,0.0,0.03184713375796178,4.486486486486487,88.83814189189192
991,0.025542929292929287,181,0,0.0,0.03744798890429958,4.121546961325967,81.4079411764706
992,0.0638068181818182,309,0,0.0,0.0549800796812749,4.271844660194175,78.42854037267082
993,0.20243055555555556,104,2,0.019230769230769232,0.02403846153846154,4.134615384615385,78.68384615384616
994,-0.026687931951089854,241,1,0.004149377593360996,0.03927813163481953,4.0995850622406635,80.04641770401106
995,0.02582101806239738,297,4,0.013468013468013467,0.037183544303797465,4.5353535353535355,73.89622009569379
996,0.07509259259259259,105,1,0.009523809523809525,0.019736842105263157,4.561904761904762,63.74287216828482
997,0.025746886857997954,493,3,0.006085192697768763,0.020100502512562814,4.212981744421906,73.77818084089826
998,0.024411865569272967,749,1,0.0013351134846461949,0.02210623272950568,4.552736982643525,57.64306343364366
999,-0.09861111111111111,115,0,0.0,0.009746588693957114,4.582608695652174,64.31434782608697
1000,-0.03615740740740741,125,0,0.0,0.017452006980802792,4.672,54.22203168044081
1001,0.18662037037037038,153,0,0.0,0.022222222222222223,4.5359477124183005,70.58786764705884
1002,-0.00827097505668933,189,0,0.0,0.01600985221674877,4.417989417989418,59.0204761904762
1003,0.13232323232323231,252,0,0.0,0.03330249768732655,4.511904761904762,63.67928571428571
1004,0.028787878787878786,153,0,0.0,0.029780564263322883,4.26797385620915,59.85838235294119
1005,0.005681818181818178,183,4,0.02185792349726776,0.02219482120838471,4.584699453551913,61.9268351648352
1006,0.12037037037037036,172,0,0.0,0.024,4.517441860465116,71.82478468899522
1007,0.14814236111111112,175,0,0.0,0.015235457063711912,4.28,77.14868131868133
1008,-0.13701923076923078,144,1,0.006944444444444444,0.04043545878693624,4.659722222222222,65.28679875679877
1009,0.11870813792688788,386,1,0.0025906735751295338,0.024075161479741633,4.637305699481865,69.46789610389612
1010,0.20885089496791626,312,4,0.01282051282051282,0.055600322320709106,4.269230769230769,88.23479020979022
1011,-0.0625,147,0,0.0,0.025157232704402517,4.482993197278912,73.35939795918368
1012,-0.00968253968253967,202,0,0.0,0.025735294117647058,4.1683168316831685,73.86026552655268
1013,0.1297208931419458,134,1,0.007462686567164179,0.020634920634920634,4.850746268656716,63.56009121061362
1014,0.02582101806239738,297,4,0.013468013468013467,0.037183544303797465,4.5353535353535355,73.89622009569379
1015,0.0630952380952381,170,0,0.0,0.014265335235378032,4.317647058823529,70.71571895424839
1016,0.14446969696969697,131,0,0.0,0.031078610603290677,4.404580152671755,79.87743129770993
1017,0.009166666666666674,126,0,0.0,0.022263450834879406,4.468253968253968,54.47555737704921
1018,-0.05487499999999999,239,0,0.0,0.023506366307541625,4.451882845188284,72.36281544256123
1019,0.21055555555555555,146,0,0.0,0.03773584905660377,4.527397260273973,69.17216438356166
1020,0.1760900389932648,354,0,0.0,0.018134715025906734,4.590395480225989,72.91283172804536
1021,0.01011904761904763,112,0,0.0,0.07172131147540983,4.419642857142857,65.50792857142861
1022,0.14814814814814814,151,0,0.0,0.026446280991735537,4.19205298013245,85.9317908388521
1023,-0.07782051282051282,270,0,0.0,0.018010291595197257,4.5962962962962965,59.98835755322747
1024,0.24654307692307686,231,0,0.0,0.03632694248234107,4.515151515151516,68.77912162162163
1025,0.013478260869565235,462,0,0.0,0.029197080291970802,4.2813852813852815,68.81962662337665
1026,0.01626984126984127,259,0,0.0,0.0236013986013986,4.579150579150579,52.50325675675677
1027,0.07291666666666667,124,1,0.008064516129032258,0.04712041884816754,4.774193548387097,56.69766129032263
1028,-0.007121212121212122,584,1,0.0017123287671232876,0.0189897455374098,4.7534246575342465,61.266386986301384
1029,-0.034230769230769224,116,0,0.0,0.012,4.405172413793103,66.87545977011497
1030,0.08055555555555555,165,0,0.0,0.011968085106382979,4.666666666666667,58.50666666666669
1031,-0.019823232323232333,265,1,0.0037735849056603774,0.03395585738539898,4.69811320754717,73.03077830188683
1032,-0.160521978021978,128,0,0.0,0.02111324376199616,4.234375,71.92123655913981
1033,0.079375,68,0,0.0,0.02280130293159609,4.720588235294118,56.60531094527363
1034,0.1763888888888889,63,2,0.031746031746031744,0.025,4.682539682539683,73.95616071428573
1035,-0.25357142857142856,118,1,0.00847457627118644,0.008714596949891068,4.033898305084746,69.40778846153849
1036,0.18512396694214875,107,0,0.0,0.02536997885835095,4.5514018691588785,74.58833852544134
1037,0.27380952380952384,133,0,0.0,0.03608247422680412,4.541353383458647,59.2448717948718
1038,-0.141875,151,1,0.006622516556291391,0.01903367496339678,4.66887417218543,53.87748881431769
1039,0.08409090909090909,349,0,0.0,0.023968042609853527,4.581661891117479,59.642106703146396
1040,0.19910256410256413,207,1,0.004830917874396135,0.025157232704402517,4.120772946859903,73.7083325123153
1041,0.1325,397,0,0.0,0.034229828850855744,4.26448362720403,73.8693181818182
1042,0.06347362514029181,294,9,0.030612244897959183,0.026778242677824266,4.285714285714286,79.87471938775512
1043,-0.04720279720279719,188,0,0.0,0.027450980392156862,4.148936170212766,78.88333333333334
1044,0.09909420289855073,206,1,0.0048543689320388345,0.0608187134502924,4.315533980582524,81.87131607335492
1045,0.027407407407407415,112,0,0.0,0.05343511450381679,4.848214285714286,64.79021428571431
1046,0.53,62,2,0.03225806451612903,0.039285714285714285,4.693548387096774,66.965
1047,0.13188405797101452,161,3,0.018633540372670808,0.027338129496402876,4.503105590062112,71.83107501194459
1048,0.1067156862745098,138,1,0.007246376811594203,0.019120458891013385,3.9782608695652173,81.25408695652175
1049,0.12981150793650795,285,1,0.0035087719298245615,0.02912621359223301,4.428070175438597,56.457272727272766
1050,-0.041666666666666664,162,0,0.0,0.017937219730941704,4.265432098765432,74.19833333333334
1051,0.17589225589225588,171,3,0.017543859649122806,0.0350609756097561,4.12280701754386,71.94728571428574
1052,-0.2654761904761905,135,0,0.0,0.020689655172413793,4.503703703703704,75.02687500000003
1053,0.08409090909090909,131,2,0.015267175572519083,0.034220532319391636,4.198473282442748,72.88732824427481
1054,-0.028613199665831254,222,0,0.0,0.027114967462039046,4.364864864864865,75.4887320574163
1055,0.0760030864197531,234,1,0.004273504273504274,0.020263424518743668,4.358974358974359,69.98038461538462
1056,0.4857142857142857,35,1,0.02857142857142857,0.03389830508474576,5.171428571428572,62.59375000000003
1057,0.09465811965811967,123,0,0.0,0.0347985347985348,4.67479674796748,67.42449695121952
1058,0.33636363636363636,135,0,0.0,0.05631067961165048,3.9851851851851854,87.00291666666669
1059,-0.030353535353535365,179,0,0.0,0.01984126984126984,4.407821229050279,63.19620111731845
1060,0.24138257575757577,150,2,0.013333333333333334,0.04409448818897638,4.5,78.24600000000001
1061,0.23934343434343436,172,0,0.0,0.022911051212938006,4.604651162790698,59.506755239520984
1062,-0.08095238095238096,126,1,0.007936507936507936,0.023060796645702306,3.888888888888889,83.82214285714286
1063,0.10561594202898551,282,4,0.014184397163120567,0.04329725228975854,4.524822695035461,81.38580000000003
1064,0.11319444444444444,129,0,0.0,0.01669449081803005,4.821705426356589,57.02893750000004
1065,0.22550198959289872,329,5,0.015197568389057751,0.026333113890717578,4.908814589665654,69.68804511278198
1066,0.009967320261437906,186,0,0.0,0.03753026634382567,4.849462365591398,73.13288288288288
1067,0.2124603174603175,226,2,0.008849557522123894,0.023076923076923078,4.150442477876106,70.05261904761907
1068,0.5503977272727273,66,4,0.06060606060606061,0.007662835249042145,4.2272727272727275,82.41477272727275
1069,0.1194047619047619,282,0,0.0,0.013502779984114376,4.535460992907802,60.39000000000003
1070,-0.0007990056818181878,223,3,0.013452914798206279,0.02462526766595289,4.354260089686099,70.98336850435244
1071,0.33958333333333335,86,3,0.03488372093023256,0.0440771349862259,4.453488372093023,71.39988372093026
1072,-0.06322751322751323,212,1,0.0047169811320754715,0.03721488595438175,4.117924528301887,85.76812723556463
1073,0.057494331065759616,186,0,0.0,0.02441860465116279,4.865591397849462,61.79431451612905
1074,-0.10214285714285716,146,0,0.0,0.013824884792626729,4.561643835616438,65.6196551724138
1075,0.13333333333333333,58,0,0.0,0.01730103806228374,5.155172413793103,63.78513793103451
1076,0.039545454545454536,110,0,0.0,0.04219409282700422,4.4818181818181815,72.61545454545457
1077,0.36800000000000005,40,0,0.0,0.03409090909090909,4.55,92.20333333333335
1078,0.26,83,0,0.0,0.00554016620498615,4.783132530120482,92.48890227576976
1079,0.41,66,1,0.015151515151515152,0.026143790849673203,4.7727272727272725,70.27943181818185
1080,0.11079545454545454,129,0,0.0,0.023381294964028777,4.441860465116279,64.5176377952756
1081,0.022999999999999986,80,0,0.0,0.03880597014925373,4.35,70.04
1082,0.018749999999999992,124,1,0.008064516129032258,0.029357798165137616,4.516129032258065,70.17571646341464
1083,0.075,162,0,0.0,0.02127659574468085,4.166666666666667,67.93388888888889
1084,-0.1596153846153846,159,3,0.018867924528301886,0.03299856527977044,4.761006289308176,72.05364715189874
1085,0.24722222222222218,129,0,0.0,0.03041144901610018,4.488372093023256,70.45417151162792
1086,0.09608201058201059,395,0,0.0,0.0226576852418861,4.281012658227848,68.57874750166556
1087,0.24062499999999998,160,0,0.0,0.018950437317784258,4.425,66.52597484276731
1088,0.08865546218487397,299,0,0.0,0.03804347826086957,4.511705685618729,61.95748850334449
1089,0.03774587985114301,162,0,0.0,0.022871664548919948,4.9753086419753085,59.93864734299518
1090,0.07222222222222224,105,0,0.0,0.019313304721030045,4.628571428571429,62.34166666666668
1091,0.028108465608465607,329,0,0.0,0.021016949152542375,4.665653495440729,44.870071428571435
1092,-0.07923280423280421,330,0,0.0,0.028050490883590462,4.5212121212121215,68.45311111111111
1093,-0.1714506172839506,105,0,0.0,0.0200445434298441,4.485714285714286,67.08000000000003
1094,0.18636363636363634,62,0,0.0,0.032467532467532464,5.161290322580645,53.20629032258066
1095,0.3369281045751634,142,0,0.0,0.021885521885521887,4.366197183098592,73.83424295774651
1096,0.0972027606896028,365,0,0.0,0.025096525096525095,4.46027397260274,76.42262453300125
1097,0.2202380952380952,98,0,0.0,0.034482758620689655,4.010204081632653,80.40051020408164
1098,0.07196969696969698,157,0,0.0,0.030927835051546393,4.56687898089172,67.7502419354839
1099,0.184347442680776,164,0,0.0,0.02203856749311295,4.603658536585366,68.03995228357195
1100,0.18970588235294122,154,0,0.0,0.0499219968798752,4.298701298701299,63.77164502164503
1101,0.006818181818181814,144,0,0.0,0.024875621890547265,4.326388888888889,82.42000000000002
1102,0.1988095238095238,45,0,0.0,0.020833333333333332,4.466666666666667,69.41000000000003
1103,0.03500000000000001,98,0,0.0,0.02877697841726619,4.36734693877551,75.7889002267574
1104,0.2692261904761905,207,1,0.004830917874396135,0.05056179775280899,4.497584541062802,72.68457800511513
1105,0.16953917050691242,287,1,0.003484320557491289,0.02666666666666667,4.630662020905923,60.95682694541233
1106,0.23582589285714287,163,0,0.0,0.024193548387096774,4.067484662576687,83.37270858895707
1107,-0.07591919191919191,186,0,0.0,0.021491782553729456,4.338709677419355,64.7710810810811
1108,0.03489583333333332,178,1,0.0056179775280898875,0.02857142857142857,4.084269662921348,78.93729661016951
1109,0.24722222222222218,129,0,0.0,0.03041144901610018,4.488372093023256,70.45417151162792
1110,0.1499375,79,2,0.02531645569620253,0.038011695906432746,4.493670886075949,71.92964556962026
1111,0.2227272727272727,85,0,0.0,0.028125,4.047058823529412,82.04176470588239
1112,-0.02847222222222222,120,1,0.008333333333333333,0.023952095808383235,4.491666666666666,72.46500000000002
1113,0.24012820512820512,95,0,0.0,0.02242152466367713,4.842105263157895,58.27039473684212
1114,0.19687500000000002,100,0,0.0,0.03496503496503497,4.45,86.7817272727273
1115,0.07810924369747899,129,1,0.007751937984496124,0.01129032258064516,4.961240310077519,44.01250000000002
1116,0.505,160,0,0.0,0.019287833827893175,4.34375,69.52672468354433
1117,-0.1213903743315508,109,1,0.009174311926605505,0.057971014492753624,4.605504587155964,74.6926009174312
1118,-0.1633958633958634,64,0,0.0,0.019867549668874173,4.890625,73.07395833333337
1119,-0.06317460317460317,157,0,0.0,0.0421875,4.305732484076433,80.43453184713378
1120,-0.03125,92,0,0.0,0.005,4.489130434782608,-4.249347826086932
1121,0.1644736842105263,121,0,0.0,0.037102473498233215,4.8429752066115705,63.12200413223141
1122,-0.18582251082251086,172,0,0.0,0.02461139896373057,4.6395348837209305,66.37038759689926
1123,0.20200520833333335,182,9,0.04945054945054945,0.02278481012658228,4.450549450549451,71.50839660339663
1124,0.079875,174,2,0.011494252873563218,0.03355704697986577,4.488505747126437,66.66117647058826
1125,0.12878787878787878,178,1,0.0056179775280898875,0.021367521367521368,4.078651685393258,81.57112870275793
1126,0.04047619047619048,122,0,0.0,0.0455531453362256,3.8852459016393444,85.95297131147542
1127,0.07196969696969699,464,0,0.0,0.026529507309149974,4.168103448275862,70.17431586608444
1128,0.014285714285714306,87,0,0.0,0.04533333333333334,4.448275862068965,60.84163793103451
1129,0.2654761904761905,117,0,0.0,0.033203125,4.6068376068376065,68.54769230769233
1130,0.040186868686868694,182,5,0.027472527472527472,0.03238341968911917,4.571428571428571,69.43590909090912
1131,-0.037777777777777785,180,0,0.0,0.023383768913342505,4.15,74.825
1132,0.1722222222222222,195,0,0.0,0.04450625869262865,3.917948717948718,81.63225533628676
1133,0.2482142857142857,149,7,0.04697986577181208,0.060126582278481014,4.409395973154362,78.23778007227672
1134,-0.07718537414965987,136,0,0.0,0.037300177619893425,4.352941176470588,68.41818181818182
1135,0.09401084010840112,351,2,0.005698005698005698,0.04287515762925599,4.7578347578347575,64.19842948717951
1136,0.1476190476190476,117,0,0.0,0.029684601113172542,4.914529914529915,59.14769230769235
1137,0.16953125000000002,140,0,0.0,0.04288164665523156,4.428571428571429,72.44535714285718
1138,0.02172889610389611,280,2,0.007142857142857143,0.019642857142857142,4.0928571428571425,72.55476426799011
1139,-0.022596153846153842,78,0,0.0,0.017094017094017096,4.666666666666667,61.93176923076925
1140,-0.18333333333333335,119,2,0.01680672268907563,0.032692307692307694,4.453781512605042,68.69072128851543
1141,0.042838541666666674,236,16,0.06779661016949153,0.02727272727272727,4.3474576271186445,70.41820903954803
1142,-0.03284313725490197,181,0,0.0,0.01914580265095729,3.861878453038674,83.59349294045427
1143,-0.0004347826086956622,274,1,0.0036496350364963502,0.018949181739879414,4.416058394160584,69.73334955393352
1144,-0.03169934640522874,219,3,0.0136986301369863,0.04390243902439024,4.054794520547945,83.23103881278541
1145,-0.025162760416666666,86,4,0.046511627906976744,0.07848837209302326,4.255813953488372,79.98759803921571
1146,0.08285353535353535,277,0,0.0,0.02295918367346939,4.462093862815885,70.45631430505416
1147,0.10351790935672515,218,3,0.013761467889908258,0.041530054644808745,4.385321100917431,69.51147847565282
1148,0.32604797979797984,252,2,0.007936507936507936,0.02761904761904762,4.333333333333333,72.07214285714286
1149,0.262037037037037,147,0,0.0,0.024311183144246355,4.319727891156463,75.86682745825605
1150,0.19694444444444445,147,0,0.0,0.033444816053511704,4.204081632653061,80.26552040816328
1151,-0.164766081871345,188,6,0.031914893617021274,0.017496635262449527,4.122340425531915,83.68253623188407
1152,0.12629629629629632,164,0,0.0,0.01859799713876967,4.475609756097561,62.80750000000005
1153,0.06058608058608057,96,0,0.0,0.017094017094017096,5.041666666666667,62.4675
1154,0.11203703703703706,214,0,0.0,0.046620046620046623,4.163551401869159,87.1970809859155
1155,-0.009999999999999986,135,0,0.0,0.044989775051124746,3.8518518518518516,89.76128205128205
1156,-0.09699074074074075,174,6,0.034482758620689655,0.03137789904502047,4.419540229885057,74.83792148362238
1157,0.07196969696969696,85,0,0.0,0.02356020942408377,4.682352941176471,68.65297794117647
1158,0.24212121212121215,133,0,0.0,0.0213903743315508,4.390977443609023,73.75053759398497
1159,0.11320261437908495,228,0,0.0,0.023133543638275498,4.442982456140351,79.21223201174745
1160,0.08214285714285714,87,0,0.0,0.07272727272727272,4.551724137931035,67.35410852713181
1161,0.22272727272727275,91,0,0.0,0.015909090909090907,5.197802197802198,66.41837606837606
1162,-0.0991258741258741,137,0,0.0,0.03236797274275979,4.489051094890511,76.7167914438503
1163,-0.33125,201,4,0.01990049751243781,0.040364583333333336,3.9651741293532337,81.61528024739083
1164,-0.08851398601398602,126,0,0.0,0.04482758620689655,4.865079365079365,69.18734756097562
1165,0.004227825745682895,200,0,0.0,0.033047735618115054,4.21,72.77961538461541
1166,-0.07515262515262516,155,1,0.0064516129032258064,0.02785923753665689,4.638709677419355,64.36476702508962
1167,-0.0006666666666666682,204,0,0.0,0.03263403263403263,4.397058823529412,80.64886996904025
1168,-0.08295454545454545,198,5,0.025252525252525252,0.018115942028985508,4.287878787878788,70.78731175972929
1169,0.13753968253968255,50,0,0.0,0.03167420814479638,4.58,60.4795
1170,0.23124999999999998,83,0,0.0,0.01834862385321101,4.0843373493975905,83.73151606425705
1171,0.1009469696969697,160,0,0.0,0.035036496350364967,4.43125,66.64930555555556
1172,0.14142252604166666,131,3,0.022900763358778626,0.019748653500897665,4.435114503816794,67.98437500000001
1173,0.15066137566137566,76,1,0.013157894736842105,0.01744186046511628,4.75,75.98359649122811
1174,-0.05142857142857143,181,0,0.0,0.01717791411042945,4.69060773480663,59.260708186840816
1175,0.11666666666666667,105,4,0.0380952380952381,0.12473118279569892,4.666666666666667,63.381071428571445
1176,0.060261904761904746,270,0,0.0,0.019178082191780823,4.188888888888889,80.7344117647059
1177,0.008676046176046179,225,0,0.0,0.027870680044593088,4.111111111111111,81.72917647058824
1178,0.2414814814814815,128,0,0.0,0.02564102564102564,4.40625,72.75065340909093
1179,0.006598639455782326,97,1,0.010309278350515464,0.03712871287128713,4.505154639175258,71.81140034364263
1180,-0.08333333333333333,85,0,0.0,0.028011204481792718,4.329411764705882,70.09823529411767
1181,0.1185897435897436,170,0,0.0,0.017356475300400534,4.552941176470588,68.05840909090911
1182,0.2755769230769231,132,0,0.0,0.023529411764705882,4.606060606060606,65.25518181818185
1183,-0.062140637140637126,228,0,0.0,0.013498312710911136,4.021929824561403,55.55209049773758
1184,0.09877450980392156,136,0,0.0,0.02877697841726619,4.264705882352941,72.63294117647061
1185,0.1342528735632184,245,0,0.0,0.026794258373205742,4.444897959183673,73.04931712962964
1186,-0.0073148148148148295,138,0,0.0,0.036395147313691506,4.3768115942028984,71.11514492753624
1187,-0.15336050724637681,372,6,0.016129032258064516,0.03505291005291005,4.206989247311828,78.00188342318062
1188,-0.005833333333333335,142,0,0.0,0.02434782608695652,4.190140845070423,79.72350000000003
1189,0.04217518037518036,223,0,0.0,0.024210526315789474,4.448430493273543,69.16285960676097
1190,0.08923611111111113,76,0,0.0,0.03536977491961415,4.315789473684211,82.26337500000001
1191,0.09923469387755102,220,0,0.0,0.008714596949891068,4.281818181818182,62.000059931506854
1192,0.1556428181428181,253,1,0.003952569169960474,0.024,4.573122529644269,63.595638554216904
1193,0.05576923076923076,174,0,0.0,0.040697674418604654,4.160919540229885,87.85894396551724
1194,0.09150793650793648,174,0,0.0,0.034482758620689655,4.413793103448276,53.233815789473695
1195,0.17060042388167387,172,6,0.03488372093023256,0.04365620736698499,4.459302325581396,70.4161627906977
1196,0.3043040293040293,86,0,0.0,0.02512562814070352,4.790697674418604,58.49925301204823
1197,0.0767361111111111,322,0,0.0,0.04232424677187949,4.4937888198757765,54.74053199137313
1198,0.09737841945288755,359,2,0.005571030640668524,0.028816676885346414,4.835654596100278,62.60744929178472
1199,0.0416666666666667,89,1,0.011235955056179775,0.01791044776119403,3.9101123595505616,81.3545168539326
1200,0.2517099567099567,168,0,0.0,0.02225130890052356,4.666666666666667,60.484761904761925
1201,0.0016666666666666403,110,1,0.00909090909090909,0.030878859857482184,3.9909090909090907,86.75671717171718
1202,0.004391891891891914,363,1,0.0027548209366391185,0.02737110120942075,4.482093663911845,61.874161400097265
1203,-0.363064236111111,100,8,0.08,0.05263157894736842,4.25,81.629
1204,0.14107142857142857,138,0,0.0,0.01282051282051282,4.072463768115942,75.86413043478262
1205,-0.08439980158730159,141,1,0.0070921985815602835,0.04655172413793104,4.283687943262412,70.74562500000002
1206,0.01687925170068027,257,0,0.0,0.03214285714285714,4.521400778210117,63.796153939688736
1207,-0.16759259259259257,115,1,0.008695652173913044,0.0472972972972973,3.982608695652174,78.21828804347828
1208,0.05459401709401711,378,0,0.0,0.022153846153846152,4.449735449735449,70.43922619047619
1209,0.16883116883116883,125,0,0.0,0.029296875,4.176,80.44510000000001
1210,-0.1368349358974359,173,0,0.0,0.024147727272727272,4.179190751445087,75.95274303730953
1211,0.25416666666666665,70,2,0.02857142857142857,0.03481012658227848,4.7,59.75535714285718
1212,0.27999999999999997,48,0,0.0,0.017699115044247787,4.854166666666667,65.9925
1213,-0.1,218,2,0.009174311926605505,0.027114967462039046,4.3577981651376145,66.84651376146789
1214,0.10833333333333334,54,1,0.018518518518518517,0.043859649122807015,4.351851851851852,80.20000000000003
1215,-0.03443877551020407,141,3,0.02127659574468085,0.02857142857142857,4.6453900709219855,72.02454545454549
1216,0.04145989974937344,255,2,0.00784313725490196,0.02539981185324553,4.262745098039216,75.86784926470591
1217,-0.12884615384615386,120,0,0.0,0.017578125,4.366666666666666,68.17500000000001
1218,-0.18469696969696967,101,0,0.0,0.02102803738317757,4.306930693069307,73.25279207920795
1219,0.2846153846153846,158,0,0.0,0.03639240506329114,4.227848101265823,74.60686075949369
1220,-0.01277777777777777,120,2,0.016666666666666666,0.030864197530864196,4.2,73.03000000000004
1221,0.02100634920634921,276,0,0.0,0.02486678507992895,4.1521739130434785,71.26630434782611
1222,-0.19444444444444445,82,0,0.0,0.03724928366762178,4.329268292682927,66.34945121951222
1223,-0.1259259259259259,150,3,0.02,0.05169340463458111,3.92,88.0460951799878
1224,0.19687500000000002,207,0,0.0,0.027939464493597205,4.231884057971015,80.90343750000002
1225,0.07127267573696146,452,3,0.00663716814159292,0.027277686852154936,4.179203539823009,72.79792772861357
1226,0.1314360119047619,371,0,0.0,0.025184275184275184,4.54177897574124,68.80002702702706
1227,-0.28703703703703703,117,1,0.008547008547008548,0.03938730853391685,3.9914529914529915,85.69831730769234
1228,-0.03281250000000001,106,0,0.0,0.023255813953488372,4.19811320754717,76.86172169811324
1229,0.009378382034632031,169,2,0.011834319526627219,0.022377622377622378,4.378698224852071,72.39840483234717
1230,-0.1669259259259259,171,0,0.0,0.03074670571010249,4.12280701754386,73.26578947368424
1231,-0.043750000000000004,93,2,0.021505376344086023,0.028350515463917526,4.290322580645161,70.60761290322583
1232,0.024912587412587412,121,1,0.008264462809917356,0.029069767441860465,4.413223140495868,66.93462809917358
1233,-0.07238636363636361,350,2,0.005714285714285714,0.03566621803499327,4.382857142857143,67.19259097421205
1234,0.15472739820565903,198,0,0.0,0.026923076923076925,4.090909090909091,78.50063636363639
1235,0.06312499999999999,172,0,0.0,0.022457067371202115,4.5523255813953485,64.44444186046513
1236,0.08099747474747478,262,1,0.003816793893129771,0.030020703933747412,3.83206106870229,87.15646374829002
1237,0.03349358974358973,248,2,0.008064516129032258,0.03278688524590164,4.120967741935484,79.86898924731184
1238,-0.01678240740740741,308,0,0.0,0.0342902711323764,4.1980519480519485,78.08538961038961
1239,0.03392156862745097,194,0,0.0,0.02857142857142857,4.268041237113402,70.70997938144332
1240,-0.021287878787878793,121,1,0.008264462809917356,0.043222003929273084,4.338842975206612,74.02196797520662
1241,0.12454250295159386,188,0,0.0,0.021151586368977675,4.696808510638298,58.28277777777781
1242,0.023869047619047616,126,1,0.007936507936507936,0.030303030303030304,4.857142857142857,54.54875000000001
1243,0.06873973727422003,317,1,0.0031545741324921135,0.022810890360559236,4.410094637223975,59.59744991343064
1244,-0.205,117,0,0.0,0.037422037422037424,4.239316239316239,74.33230769230771
1245,0.023984487734487726,291,0,0.0,0.022782750203417412,4.319587628865979,69.11101030927837
1246,-0.16999999999999998,168,1,0.005952380952380952,0.03741007194244604,4.220238095238095,76.38593406593408
1247,-0.14558823529411763,197,2,0.01015228426395939,0.0,3.918781725888325,70.5565463917526
1248,-0.012500000000000002,93,0,0.0,0.03553299492385787,4.387096774193548,58.78180645161294
1249,0.007142857142857141,113,0,0.0,0.02288329519450801,3.920353982300885,75.41828171091446
1250,0.19930952380952374,439,0,0.0,0.022244691607684528,4.6082004555808656,59.31729476082009
1251,-0.16799999999999998,73,0,0.0,0.053003533568904596,3.9726027397260273,72.64887671232879
1252,-0.04104892412821451,164,8,0.04878048780487805,0.03138373751783167,4.579268292682927,73.57178492239471
1253,-0.1459150326797386,260,0,0.0,0.03615702479338843,3.830769230769231,83.49542735042738
1254,-0.07213403880070547,308,2,0.006493506493506494,0.030448717948717948,4.204545454545454,81.98799220779223
1255,-0.004166666666666652,181,0,0.0,0.035161744022503515,4.033149171270718,71.2264261049724
1256,-0.10999999999999996,53,1,0.018867924528301886,0.02727272727272727,4.283018867924528,85.9363773584906
1257,0.22439393939393942,157,0,0.0,0.0125,4.687898089171974,64.65372965322013
1258,0.23622448979591834,122,0,0.0,0.024305555555555556,4.959016393442623,60.85811475409838
1259,0.02333333333333333,87,0,0.0,0.024193548387096774,4.425287356321839,52.93103448275863
1260,0.03940476190476191,272,1,0.003676470588235294,0.023277467411545624,4.080882352941177,78.94731372549019
1261,0.05277777777777777,142,1,0.007042253521126761,0.028145695364238412,4.380281690140845,55.27942253521128
1262,0.011309523809523816,157,1,0.006369426751592357,0.017673048600883652,4.3949044585987265,64.11487615003541
1263,-0.07173202614379086,228,0,0.0,0.022483940042826552,4.2105263157894735,69.92556680161945
1264,-0.10931216931216932,212,1,0.0047169811320754715,0.02813852813852814,4.438679245283019,56.42516771488471
1265,-0.04603174603174603,112,0,0.0,0.04139433551198257,4.196428571428571,61.33464285714288
1266,-0.03460016835016834,297,4,0.013468013468013467,0.01889644746787604,4.572390572390573,58.117330508474595
1267,0.23750000000000004,88,0,0.0,0.024324324324324326,4.329545454545454,65.29590909090909
1268,0.03922705314009663,170,0,0.0,0.02100840336134454,4.352941176470588,79.10309954751132
1269,0.012633689839572183,160,2,0.0125,0.02418207681365576,4.60625,69.041906581741
1270,0.1543560606060606,166,0,0.0,0.03389830508474576,4.771084337349397,59.38338855421689
1271,0.3055555555555556,125,0,0.0,0.029239766081871343,4.216,72.30040000000002
1272,0.044058325187357444,343,1,0.0029154518950437317,0.014104372355430184,4.276967930029154,77.02703084241217
1273,-0.02490259740259741,173,0,0.0,0.030791788856304986,4.08092485549133,70.94458453757227
1274,-0.03249999999999999,107,0,0.0,0.028368794326241134,4.065420560747664,78.37568224299066
1275,0.058796296296296284,122,2,0.01639344262295082,0.021568627450980392,4.352459016393443,76.80729508196724
1276,0.06666666666666667,231,1,0.004329004329004329,0.0273109243697479,4.255411255411255,71.56637987012988
1277,-0.06161458333333332,134,0,0.0,0.03225806451612903,4.619402985074627,62.302406716417934
1278,-0.7062499999999999,94,3,0.031914893617021274,0.03937007874015748,4.180851063829787,82.40875000000001
1279,-0.23660714285714282,230,6,0.02608695652173913,0.031453362255965296,4.1347826086956525,76.5099275362319
1280,-0.10119047619047618,131,0,0.0,0.02676864244741874,4.068702290076335,68.36671755725192
1281,-0.30892857142857144,123,0,0.0,0.018867924528301886,4.471544715447155,74.30254573170733
1282,0.23391690009337068,142,0,0.0,0.018957345971563982,4.556338028169014,71.06985133020346
1283,0.01404265873015873,182,0,0.0,0.03182374541003672,4.670329670329671,56.81364835164837
1284,-0.12272727272727271,81,0,0.0,0.02356020942408377,4.864197530864198,52.52533333333335
1285,0.21428571428571427,150,0,0.0,0.019635343618513323,4.826666666666667,54.55800000000002
1286,0.07142857142857142,162,0,0.0,0.02586206896551724,4.469135802469136,76.02333333333334
1287,-0.21802884615384616,100,0,0.0,0.022277227722772276,4.18,68.94100000000005
1288,0.19669117647058826,227,0,0.0,0.01829924650161464,4.202643171806168,72.47423091042587
1289,-0.008193277310924387,272,0,0.0,0.02224199288256228,4.231617647058823,73.6598137254902
1290,-0.11919612794612794,273,11,0.040293040293040296,0.0677035681610247,4.113553113553113,73.31282967032969
1291,-0.08750000000000001,115,0,0.0,0.018633540372670808,4.2956521739130435,67.9926086956522
1292,-0.032333333333333346,149,0,0.0,0.021116138763197588,4.657718120805369,62.45008808724836
1293,0.11071428571428572,221,1,0.004524886877828055,0.017329255861365953,4.624434389140271,61.05068061840123
1294,-0.291991341991342,127,0,0.0,0.021526418786692758,4.118110236220472,73.4390223097113
1295,0.0582175925925926,233,1,0.004291845493562232,0.02526315789473684,4.145922746781116,76.02150393419171
1296,0.07346938775510208,61,0,0.0,0.011029411764705883,4.590163934426229,51.66879781420769
1297,0.16369889369889368,347,0,0.0,0.037481259370314844,4.095100864553314,81.35767029080432
1298,-0.21944444444444444,43,0,0.0,0.0223463687150838,4.325581395348837,64.99854651162792
1299,-0.05833333333333335,159,0,0.0,0.015558698727015558,4.509433962264151,65.34866745283021
1300,0.0,122,1,0.00819672131147541,0.022813688212927757,4.401639344262295,61.376994535519145
1301,0.03809523809523808,167,0,0.0,0.019583843329253364,5.005988023952096,56.14557784431139
1302,-0.02803030303030303,269,0,0.0,0.028596961572832886,4.267657992565056,72.85517657992567
1303,0.08074074074074077,218,0,0.0,0.027180067950169876,4.18348623853211,66.8048665554629
1304,-0.049163459996793314,392,1,0.002551020408163265,0.02523474178403756,4.543367346938775,72.00500408163268
1305,0.08232142857142857,337,2,0.005934718100890208,0.019760056457304165,4.370919881305638,74.56684470820971
1306,-0.28846153846153844,89,4,0.0449438202247191,0.019553072625698324,4.123595505617978,80.56343632958801
1307,0.1437619047619048,251,0,0.0,0.021663778162911613,4.721115537848606,59.12493650398409
1308,-0.08681657848324517,239,4,0.016736401673640166,0.024640657084188913,4.2426778242677825,76.68275034867504
1309,-0.08716517857142855,398,6,0.01507537688442211,0.028912633563796353,4.082914572864322,78.85196366447626
1310,0.07628968253968253,173,3,0.017341040462427744,0.026595744680851064,4.502890173410405,68.48821676300582
1311,-0.05861111111111111,195,1,0.005128205128205128,0.03625730994152047,4.564102564102564,69.91903846153849
1312,0.1485,133,1,0.007518796992481203,0.026737967914438502,4.451127819548872,79.47534962406014
1313,-0.02014245014245014,370,2,0.005405405405405406,0.035302104548540394,4.0864864864864865,75.7173186344239
1314,0.04146825396825397,109,0,0.0,0.024896265560165973,4.541284403669724,61.10775993883793
1315,-0.1880952380952381,95,0,0.0,0.023980815347721823,4.505263157894737,70.89105263157896
1316,0.12314814814814817,170,0,0.0,0.019490254872563718,4.023529411764706,75.19454248366016
1317,-0.06964285714285715,186,0,0.0,0.023017902813299233,4.295698924731183,69.24309677419356
1318,0.0009374999999999986,112,2,0.017857142857142856,0.032679738562091505,4.25,75.78071428571428
1319,-0.1364285714285714,270,1,0.003703703703703704,0.023636363636363636,4.155555555555556,70.43833333333333
1320,-0.2583333333333333,197,0,0.0,0.030026109660574413,3.984771573604061,82.38223561759732
1321,-0.05971074380165289,215,2,0.009302325581395349,0.03205791106514995,4.660465116279069,57.85196382428941
1322,0.16004629629629627,170,2,0.011764705882352941,0.022757697456492636,4.476470588235294,64.74029411764707
1323,-0.011694214876033076,115,0,0.0,0.01991150442477876,3.982608695652174,73.1421739130435
1324,-0.04894290123456791,170,3,0.01764705882352941,0.025714285714285714,4.264705882352941,75.61882352941177
1325,0.1572916666666667,177,0,0.0,0.017789072426937738,4.621468926553672,58.74113636363636
1326,0.035370370370370365,174,2,0.011494252873563218,0.03238341968911917,4.557471264367816,71.17264890282134
1327,0.17764550264550266,148,0,0.0,0.022970903522205207,4.52027027027027,65.15885135135137
1328,-0.029166666666666667,186,0,0.0,0.030848329048843187,4.258064516129032,69.419623655914
1329,0.022484658198943915,163,0,0.0,0.02785923753665689,4.288343558282208,69.0779890933879
1330,0.03897849462365593,261,0,0.0,0.024413145539906103,4.2298850574712645,72.236796975547
1331,0.07352941176470587,153,0,0.0,0.01884057971014493,4.673202614379085,54.881911764705904
1332,0.13578431372549019,218,1,0.0045871559633027525,0.02847380410022779,4.165137614678899,76.24262232415904
1333,-0.01629464285714287,195,1,0.005128205128205128,0.0267515923566879,4.164102564102564,69.47019230769234
1334,-0.11659226190476192,162,3,0.018518518518518517,0.029197080291970802,4.432098765432099,69.93011363636366
1335,0.13044871794871793,160,0,0.0,0.022156573116691284,4.325,69.1186082802548
1336,-0.21609848484848487,169,8,0.047337278106508875,0.04878048780487805,4.053254437869822,85.41378944773179
1337,-0.15456349206349204,180,1,0.005555555555555556,0.02586206896551724,4.027777777777778,75.29500000000002
1338,-0.03333333333333333,169,1,0.005917159763313609,0.029239766081871343,4.165680473372781,68.7552551775148
1339,-0.03759523809523809,80,0,0.0,0.045454545454545456,4.5,64.28666666666669
1340,0.11825396825396825,219,2,0.0091324200913242,0.03096330275229358,4.105022831050229,68.9124526369688
1341,0.0050340136054421725,241,5,0.02074688796680498,0.014598540145985401,4.0995850622406635,70.60809301521441
1342,0.09739583333333338,276,0,0.0,0.019691780821917807,4.322463768115942,72.54146739130438
1343,0.2865384615384615,162,0,0.0,0.026912181303116147,4.537037037037037,70.02055555555556
1344,0.35768315018315017,308,0,0.0,0.03259141494435612,4.207792207792208,64.87034632034633
1345,0.15241402116402114,159,0,0.0,0.026352288488210817,4.672955974842767,67.05805031446543
1346,0.03328373015873014,171,2,0.011695906432748537,0.02560819462227913,4.7251461988304095,61.93004784688995
1347,0.19095238095238093,149,1,0.006711409395973154,0.018072289156626505,4.671140939597316,60.74673238255036
1348,-0.09505565862708719,143,0,0.0,0.024271844660194174,4.419580419580419,66.82054632867134
1349,0.03984737484737484,245,0,0.0,0.025689819219790674,4.444897959183673,70.78074829931975
1350,-0.030000000000000006,197,0,0.0,0.02813599062133646,4.436548223350254,64.76856696602893
1351,0.02110389610389611,173,0,0.0,0.018156424581005588,4.22543352601156,76.3175080282595
1352,0.17584325396825398,122,0,0.0,0.023575638506876228,4.336065573770492,81.66139344262297
1353,0.06302083333333333,150,1,0.006666666666666667,0.027565084226646247,4.473333333333334,68.65833333333336
1354,0.17843137254901964,98,0,0.0,0.0171990171990172,4.255102040816326,68.87974489795918
1355,0.0980260047281324,483,3,0.006211180124223602,0.020989505247376312,4.260869565217392,67.89772021456807
1356,0.09456415206415207,370,1,0.002702702702702703,0.030012771392081736,4.421621621621622,74.25709209209211
1357,-0.12768658810325478,199,2,0.010050251256281407,0.04306864064602961,3.869346733668342,84.14663525963152
1358,-0.075,160,0,0.0,0.027065527065527065,4.5125,72.68375
1359,0.0016666666666666607,60,0,0.0,0.03488372093023256,4.416666666666667,80.44500000000001
1360,0.07541666666666665,131,0,0.0,0.023026315789473683,4.885496183206107,49.79009160305347
1361,0.015625000000000007,155,0,0.0,0.034375,4.180645161290323,67.0864247311828
1362,0.08333333333333334,162,0,0.0,0.04588607594936709,4.049382716049383,75.24277777777779
1363,0.2967857142857142,252,0,0.0,0.03204524033930255,4.357142857142857,70.94014285714289
1364,0.0425,105,0,0.0,0.028503562945368172,4.142857142857143,84.74169642857143
1365,0.13583333333333333,116,0,0.0,0.02626641651031895,4.801724137931035,67.49086206896554
1366,0.05833333333333332,131,0,0.0,0.015789473684210527,4.488549618320611,61.90870229007635
1367,0.01761904761904762,315,0,0.0,0.02553191489361702,4.603174603174603,64.4847899159664
1368,0.12685185185185185,68,0,0.0,0.02348993288590604,4.5,63.924117647058836
1369,-0.1174015285126396,229,3,0.013100436681222707,0.03333333333333333,3.9344978165938866,80.41633584755859
1370,0.21380952380952378,168,0,0.0,0.01631116687578419,4.863095238095238,54.591428571428594
1371,0.10089908299585723,331,1,0.0030211480362537764,0.02787219578518015,4.601208459214502,69.14309441087616
1372,-0.17968749999999997,50,0,0.0,0.03225806451612903,4.44,74.01550000000002
1373,-0.2111111111111111,185,0,0.0,0.043835616438356165,4.043243243243243,80.92736486486488
1374,0.12787037037037038,131,0,0.0,0.021630615640599003,4.66412213740458,70.74109255725193
1375,0.09924242424242426,113,0,0.0,0.018518518518518517,4.407079646017699,78.79553588987221
1376,0.12870370370370374,287,1,0.003484320557491289,0.015663643858202802,4.372822299651568,70.42425631533104
1377,0.09385521885521886,79,0,0.0,0.022508038585209004,4.063291139240507,73.27482594936711
1378,-0.14148148148148146,164,0,0.0,0.02844311377245509,4.158536585365853,65.83359756097563
1379,-0.03194191919191919,250,3,0.012,0.024291497975708502,4.116,76.258025
1380,-0.028749999999999987,145,0,0.0,0.029282576866764276,4.875862068965517,63.122727272727275
1381,-0.013750000000000007,149,0,0.0,0.03735144312393888,4.067114093959732,79.48364513422821
1382,-0.06699404761904762,83,0,0.0,0.03361344537815126,4.518072289156627,64.61491566265063
1383,0.07852272727272727,91,0,0.0,0.024154589371980676,4.747252747252747,62.87625000000003
1384,-0.027747252747252753,114,1,0.008771929824561403,0.031512605042016806,4.447368421052632,76.52715789473686
1385,-0.09583333333333333,292,0,0.0,0.029535864978902954,4.160958904109589,72.20229188619602
1386,0.03702380952380952,109,0,0.0,0.024844720496894408,4.541284403669724,71.50339449541286
1387,0.013409391534391532,261,2,0.007662835249042145,0.024072216649949848,3.950191570881226,88.84382940108895
1388,0.09445929887106358,178,0,0.0,0.02781289506953224,4.533707865168539,52.59844101123596
1389,0.1505357142857143,280,0,0.0,0.02413515687851971,4.603571428571429,52.52316715542523
1390,0.09416666666666668,145,2,0.013793103448275862,0.027375201288244767,4.393103448275862,69.12034482758621
1391,-0.08213141025641027,155,6,0.03870967741935484,0.062111801242236024,4.335483870967742,65.84525974025973
1392,0.026758730158730155,226,1,0.004424778761061947,0.0259222333000997,4.5265486725663715,64.2986725663717
1393,0.034590839268258615,282,1,0.0035460992907801418,0.027506654835847383,4.095744680851064,77.19000000000001
1394,-0.006045621045621036,243,3,0.012345679012345678,0.026476578411405296,4.181069958847736,75.85125925925927
1395,-0.02619791666666666,180,2,0.011111111111111112,0.044444444444444446,4.177777777777778,73.415
1396,0.07170677361853833,341,1,0.002932551319648094,0.027279253409906678,4.193548387096774,70.61547007072627
1397,-0.36357142857142855,72,1,0.013888888888888888,0.029508196721311476,4.361111111111111,77.069
1398,0.20526315789473684,224,0,0.0,0.03384279475982533,4.21875,77.61873809523811
1399,-0.04999999999999998,107,0,0.0,0.03464203233256351,4.186915887850467,83.79102803738321
1400,-0.010000000000000023,76,0,0.0,0.020771513353115726,4.552631578947368,66.46640350877193
1401,0.13394736842105265,146,1,0.00684931506849315,0.03,4.267123287671233,64.97500000000004
1402,-0.07045454545454545,123,0,0.0,0.01834862385321101,4.528455284552845,60.15920731707318
1403,-0.11538461538461536,85,0,0.0,0.023121387283236993,4.176470588235294,77.99700980392159
1404,-0.11598324514991178,171,0,0.0,0.02454780361757106,4.637426900584796,62.750197368421055
1405,-0.09791666666666665,93,1,0.010752688172043012,0.026525198938992044,4.258064516129032,81.03153225806454
1406,0.058362884160756495,555,2,0.0036036036036036037,0.019723038187159043,4.441441441441442,68.05101539810403
1407,0.05633333333333333,92,0,0.0,0.02313624678663239,4.304347826086956,68.9694927536232
1408,-0.15069444444444444,186,0,0.0,0.020166073546856466,4.634408602150538,56.229301075268836
1409,0.14166666666666664,94,0,0.0,0.02112676056338028,4.75531914893617,64.45300000000003
1410,-0.0011975623582766595,231,0,0.0,0.029411764705882353,4.077922077922078,75.52742540029112
1411,0.07944444444444444,127,0,0.0,0.01824817518248175,4.425196850393701,65.44532152230975
1412,-0.075,77,0,0.0,0.022922636103151862,4.636363636363637,65.34040584415587
1413,-0.009829059829059827,222,0,0.0,0.023645320197044337,4.7207207207207205,61.17243243243246
1414,-0.17228070175438598,154,0,0.0,0.03560371517027864,4.3311688311688314,75.00783982683983
1415,-0.1632343846629561,248,1,0.004032258064516129,0.031155778894472363,4.137096774193548,73.75411290322583
1416,-0.07208152958152958,292,1,0.003424657534246575,0.028854080791426217,4.25,68.94412671232877
1417,0.18125,75,0,0.0,0.0219435736677116,4.32,77.68200000000002
1418,-0.03170289855072464,251,0,0.0,0.021759697256385997,4.326693227091633,57.695351095617525
1419,0.010555555555555556,112,0,0.0,0.022132796780684104,4.5625,71.24857142857142
1420,0.04429292929292929,213,0,0.0,0.030133928571428572,4.286384976525822,57.19225352112679
1421,-0.2916666666666667,85,0,0.0,0.037037037037037035,4.247058823529412,73.02053921568628
1422,-0.07701569264069263,163,4,0.024539877300613498,0.034139402560455195,4.447852760736196,70.11602590320386
1423,0.08713015572390574,477,0,0.0,0.02356902356902357,4.471698113207547,63.16003001715268
1424,-0.16818181818181815,119,0,0.0,0.061930783242258654,4.7899159663865545,60.471587301587334
1425,-0.2197470238095238,296,1,0.0033783783783783786,0.025177025963808025,4.402027027027027,65.62188288288289
1426,0.0287037037037037,81,0,0.0,0.03869047619047619,4.296296296296297,83.33444444444444
1427,0.04779265873015874,214,0,0.0,0.023835319609967497,4.457943925233645,60.81479035639414
1428,0.12174603174603175,167,0,0.0,0.03687943262411347,4.347305389221557,78.29435743896823
1429,-0.007407407407407394,106,0,0.0,0.0,4.047169811320755,69.59058490566039
1430,-0.04295267489711935,390,0,0.0,0.05015873015873016,4.12051282051282,63.8019230769231
1431,-0.2583333333333333,49,0,0.0,0.04739336492890995,4.489795918367347,76.03085714285716
1432,0.052777777777777785,68,0,0.0,0.039711191335740074,4.264705882352941,71.3888235294118
1433,-0.11944444444444442,68,2,0.029411764705882353,0.038461538461538464,3.9411764705882355,80.09764705882354
1434,0.10398550724637683,254,0,0.0,0.027422303473491772,4.409448818897638,72.60671041119862
1435,0.41,90,0,0.0,0.03488372093023256,5.0,56.25000000000003
1436,-0.06789415941201656,189,0,0.0,0.019083969465648856,4.238095238095238,65.55809523809526
1437,0.05090909090909091,129,0,0.0,0.01592920353982301,4.4728682170542635,68.77186046511628
1438,-0.02615646258503398,89,0,0.0,0.013477088948787063,4.303370786516854,73.03551966292135
1439,0.03692607897153352,323,7,0.021671826625386997,0.018615040953090096,4.3312693498452015,73.2986526479751
1440,0.033455242075931715,268,0,0.0,0.02147766323024055,4.477611940298507,69.30024143985955
1441,0.05982142857142858,185,0,0.0,0.022756005056890013,4.394594594594595,66.15921921921925
1442,-0.09743589743589744,230,0,0.0,0.037815126050420166,4.308695652173913,70.99253623188407
1443,-0.06614583333333332,197,1,0.005076142131979695,0.031746031746031744,4.304568527918781,70.78731175972929
1444,-0.08368055555555558,162,0,0.0,0.026509572901325478,4.308641975308642,71.06500000000001
1445,-0.02826719576719577,144,0,0.0,0.037162162162162164,4.222222222222222,76.0477272727273
1446,0.1543154761904762,134,0,0.0,0.029159519725557463,4.514925373134329,66.72180970149255
1447,0.10679945054945056,226,1,0.004424778761061947,0.030959752321981424,4.411504424778761,67.26268731563424
1448,0.12272727272727268,99,2,0.020202020202020204,0.06553398058252427,4.262626262626263,78.59727272727275
1449,-0.12020299145299143,138,0,0.0,0.04419889502762431,4.0144927536231885,78.47166666666669
1450,-0.09464285714285715,152,0,0.0,0.04231974921630094,4.453947368421052,59.008157894736854
1451,0.08916040100250626,161,0,0.0,0.03361344537815126,4.60248447204969,65.95809627329194
1452,0.28,103,0,0.0,0.02576112412177986,4.29126213592233,77.13386529126214
1453,0.016375379939209733,408,0,0.0,0.026445264452644526,4.127450980392157,82.17117647058826
1454,0.035317460317460324,182,0,0.0,0.033012379642365884,4.093406593406593,72.15320879120883
1455,0.13605248917748916,198,0,0.0,0.04580152671755725,4.166666666666667,81.0471022727273
1456,-0.06499999999999999,65,1,0.015384615384615385,0.028938906752411574,4.969230769230769,67.25615384615384
1457,-0.050694444444444424,129,2,0.015503875968992248,0.028862478777589132,4.705426356589148,53.68813953488373
1458,-0.33838383838383834,121,0,0.0,0.04065040650406504,4.190082644628099,76.11948863636366
1459,0.10355920577960054,202,11,0.054455445544554455,0.03934010152284264,4.0594059405940595,84.27524422442245
1460,-0.028240740740740733,153,0,0.0,0.026687598116169546,4.287581699346405,73.83491978609628
1461,0.1453823953823954,227,1,0.004405286343612335,0.027540360873694207,4.8061674008810575,53.95781337605129
1462,-0.26916666666666667,157,3,0.01910828025477707,0.02416918429003021,4.2993630573248405,68.5797547770701
1463,0.12666666666666665,121,0,0.0,0.01639344262295082,4.12396694214876,78.69310606060608
1464,0.13918067226890757,149,0,0.0,0.016830294530154277,4.919463087248322,42.0098196308725
1465,0.01731601731601732,260,0,0.0,0.03291814946619217,4.480769230769231,63.539615384615416
1466,0.04732142857142855,181,0,0.0,0.031363088057901084,4.668508287292818,68.85584162062615
1467,0.28125,57,3,0.05263157894736842,0.027559055118110236,4.578947368421052,79.93986842105262
1468,0.15578798185941042,221,3,0.013574660633484163,0.034292035398230086,4.226244343891403,74.14562924208147
1469,-0.014141414141414132,151,1,0.006622516556291391,0.019639934533551555,4.23841059602649,72.26230546357615
1470,-0.185,93,0,0.0,0.03333333333333333,4.311827956989247,73.75411290322583
1471,-0.16111111111111112,97,0,0.0,0.022443890274314215,4.247422680412371,75.30006013745705
1472,0.1322916666666667,233,0,0.0,0.02598652550529355,4.545064377682404,55.37777467811161
1473,-0.03317287784679089,784,2,0.002551020408163265,0.01488833746898263,4.197704081632653,69.7412136672851
1474,0.11149999999999999,210,1,0.004761904761904762,0.021111111111111112,4.395238095238096,61.84285714285717
1475,-0.09187500000000001,215,0,0.0,0.024390243902439025,4.176744186046512,69.85813651137597
1476,-0.04843750000000001,119,0,0.0,0.029880478087649404,4.361344537815126,67.30100840336137
1477,0.1260146103896104,132,1,0.007575757575757576,0.02072538860103627,4.598484848484849,58.245909090909095
1478,-0.09659639877031179,259,0,0.0,0.025069637883008356,4.293436293436294,82.95947586872587
1479,0.08,97,0,0.0,0.03316326530612245,4.22680412371134,80.27451675257734
1480,-0.10503472222222221,217,1,0.004608294930875576,0.023230088495575223,4.2949308755760365,71.52189132104458
1481,-0.020301226551226553,147,0,0.0,0.034161490683229816,4.578231292517007,72.96859693877552
1482,0.07238888888888889,151,0,0.0,0.018207282913165267,4.841059602649007,38.91709933774837
1483,-0.29000000000000004,35,0,0.0,0.013157894736842105,4.457142857142857,43.20142857142858
1484,0.04090909090909091,201,0,0.0,0.01730103806228374,4.467661691542289,68.19494402985076
1485,-0.022978988603988604,108,0,0.0,0.01545253863134658,4.277777777777778,75.24166666666667
1486,-0.093,125,2,0.016,0.037527593818984545,3.84,74.69396666666667
1487,0.035555555555555535,86,0,0.0,0.04594594594594595,4.383720930232558,66.37038759689926
1488,0.03563182848897135,254,0,0.0,0.026022304832713755,4.4015748031496065,73.60592300962381
1489,-0.03309523809523809,270,2,0.007407407407407408,0.038135593220338986,4.5851851851851855,69.36583333333336
1490,0.09120370370370373,159,0,0.0,0.03875968992248062,4.188679245283019,86.6088148584906
1491,-0.1375,32,1,0.03125,0.0379746835443038,5.0625,63.820833333333354
1492,0.14447115384615386,84,0,0.0,0.028662420382165606,3.8214285714285716,78.76285714285716
1493,-0.1285714285714286,74,0,0.0,0.029411764705882353,4.675675675675675,61.48327027027028
1494,0.04900137741046831,197,1,0.005076142131979695,0.03117206982543641,4.177664974619289,67.81038775510206
1495,0.09555555555555555,133,0,0.0,0.01948051948051948,4.714285714285714,58.42368421052632
1496,-0.15005555555555553,134,0,0.0,0.024574669187145556,4.029850746268656,84.01161194029852
1497,-0.04545454545454545,75,0,0.0,0.01935483870967742,4.253333333333333,77.96350000000002
1498,0.10815521284271286,359,0,0.0,0.037859007832898174,4.4094707520891365,67.00168890192056
1499,0.17828947368421053,168,0,0.0,0.02857142857142857,4.0476190476190474,75.23785714285715
1500,0.05527777777777777,207,1,0.004830917874396135,0.02459016393442623,4.251207729468599,75.34923913043481
1501,0.3136363636363636,126,1,0.007936507936507936,0.03285420944558522,3.9285714285714284,80.46500000000002
1502,0.028055555555555566,134,0,0.0,0.03859649122807018,4.380597014925373,69.87352404643451
1503,0.07083333333333333,124,0,0.0,0.029411764705882353,4.274193548387097,73.44878048780488
1504,0.13845043845043845,148,0,0.0,0.02613240418118467,3.97972972972973,82.63327027027029
1505,0.15353874883286647,199,0,0.0,0.03357314148681055,4.28643216080402,70.02386363636366
1506,0.037704887704887696,570,0,0.0,0.022917584839136182,4.128070175438596,72.1619590643275
1507,0.24259906759906763,165,4,0.024242424242424242,0.037993920972644375,4.206060606060606,77.5632167832168
1508,-0.5916666666666667,36,2,0.05555555555555555,0.10144927536231885,3.9722222222222223,81.85500000000002
1509,-0.5069963369963371,106,0,0.0,0.03747072599531616,4.160377358490566,78.93103773584906
1510,0.19277777777777774,140,2,0.014285714285714285,0.030063291139240507,4.685714285714286,71.71904761904764
1511,-0.04173534798534798,299,0,0.0,0.02857142857142857,4.377926421404682,71.42154496469715
1512,0.005555555555555573,70,0,0.0,0.04262295081967213,4.457142857142857,70.55928571428572
1513,-0.04458333333333331,141,0,0.0,0.028901734104046242,3.8085106382978724,84.73333333333335
1514,0.08727678571428571,81,0,0.0,0.014326647564469915,4.506172839506172,78.63644444444444
1515,0.08438463583200426,267,0,0.0,0.02119460500963391,4.007490636704119,78.1859775280899
1516,-0.14166666666666666,115,1,0.008695652173913044,0.02335456475583864,4.191304347826087,79.07652173913047
1517,-0.13825341325341325,208,1,0.004807692307692308,0.03044496487119438,4.211538461538462,74.95032051282053
1518,-0.4966666666666667,70,2,0.02857142857142857,0.04054054054054054,4.357142857142857,65.79821428571432
1519,0.04513888888888889,172,0,0.0,0.02258469259723965,4.790697674418604,63.57223044397465
1520,-0.07819999999999999,112,0,0.0,0.029978586723768737,4.25,72.75928571428572
1521,0.05145833333333333,206,0,0.0,0.020948180815876516,4.543689320388349,57.79396116504856
1522,0.07527777777777778,152,0,0.0,0.02245508982035928,4.506578947368421,61.234473684210556
1523,0.0875,203,0,0.0,0.03830911492734478,3.8226600985221677,83.46420234937477
1524,-0.0861111111111111,171,2,0.011695906432748537,0.029661016949152543,4.298245614035087,74.25226720647775
1525,-0.06333333333333332,62,0,0.0,0.03272727272727273,4.580645161290323,65.35311827956991
1526,0.07343750000000002,94,1,0.010638297872340425,0.032036613272311214,4.819148936170213,63.13333333333334
1527,0.08018518518518519,226,0,0.0,0.025330396475770924,4.084070796460177,63.772000000000006
1528,0.18535087719298246,165,1,0.006060606060606061,0.03346720214190094,4.703030303030303,66.23511363636364
1529,-0.0808823529411765,205,1,0.004878048780487805,0.027777777777777776,4.302439024390244,51.59911764705882
1530,-0.06106532356532357,269,2,0.007434944237918215,0.022906793048973143,4.910780669144981,55.76684169764562
1531,0.04263888888888889,116,0,0.0,0.020100502512562814,5.310344827586207,45.97217391304352
1532,-0.20884615384615388,118,0,0.0,0.014989293361884369,4.016949152542373,75.73008474576274
1533,-0.08571428571428573,108,0,0.0,0.023109243697478993,4.518518518518518,64.015
1534,0.05238095238095238,250,0,0.0,0.02111324376199616,4.328,66.68041818181821
1535,-0.0769034090909091,199,0,0.0,0.018538713195201745,4.698492462311558,56.122932160804055
1536,0.05380952380952381,151,0,0.0,0.019138755980861243,4.23841059602649,73.29260596026491
1537,-0.165625,95,3,0.031578947368421054,0.03864734299516908,4.473684210526316,71.88924342105264
1538,0.27999999999999997,140,0,0.0,0.02772963604852686,4.178571428571429,72.32500000000003
1539,-0.038928571428571423,96,0,0.0,0.002702702702702703,3.9479166666666665,80.43875000000001
1540,-0.008820346320346308,388,0,0.0,0.027535258562793822,3.9252577319587627,74.39854651162793
1541,-0.01780303030303031,221,0,0.0,0.021233569261880688,4.633484162895928,57.89965068493153
1542,0.0023809523809523803,63,0,0.0,0.01509433962264151,4.26984126984127,70.03428571428573
1543,0.08961038961038961,103,0,0.0,0.02981651376146789,4.320388349514563,75.26699029126215
1544,0.21867301587301582,264,0,0.0,0.020833333333333332,4.325757575757576,71.51931818181819
1545,0.00019323671497584305,230,0,0.0,0.046620046620046623,3.856521739130435,87.90438618925835
1546,-0.004629629629629632,148,4,0.02702702702702703,0.02118003025718608,4.635135135135135,73.20635135135139
1547,0.09558823529411764,203,1,0.0049261083743842365,0.03815028901734104,4.413793103448276,70.96173929518758
1548,0.010669642857142852,183,0,0.0,0.03194444444444444,4.065573770491803,78.56500000000001
1549,0.07984427609427608,218,4,0.01834862385321101,0.027777777777777776,3.9908256880733943,83.18085435779817
1550,0.1151851851851852,307,0,0.0,0.019654088050314465,4.234527687296417,66.35795602605866
1551,-0.04900000000000002,57,0,0.0,0.015873015873015872,4.526315789473684,65.84473684210528
1552,0.03275862068965516,262,0,0.0,0.029151943462897525,4.4961832061068705,64.00127963037369
1553,0.013690476190476197,84,0,0.0,0.029197080291970802,5.130952380952381,65.24892857142859
1554,-0.17069559228650136,162,0,0.0,0.02040816326530612,4.37037037037037,71.32533333333333
1555,0.2733333333333333,110,2,0.01818181818181818,0.03411513859275053,4.463636363636364,69.05511363636364
1556,0.007336641852770881,238,0,0.0,0.02594810379241517,4.3277310924369745,74.96574369747901
1557,-0.05641025641025641,59,0,0.0,0.03690036900369004,4.728813559322034,55.64341101694919
1558,0.10520833333333333,59,0,0.0,0.031007751937984496,4.440677966101695,62.81290254237291
1559,0.22166666666666668,60,0,0.0,0.0326530612244898,4.233333333333333,77.62500000000001
1560,0.012155103668261563,194,0,0.0,0.02880184331797235,4.582474226804123,58.93575257731962
1561,0.06027777777777777,218,0,0.0,0.02694300518134715,4.509174311926605,59.43147206005004
1562,0.17806637806637807,125,1,0.008,0.030852994555353903,4.552,63.73722500000001
1563,0.07777777777777778,184,1,0.005434782608695652,0.050870147255689425,4.2771739130434785,76.71021739130437
1564,0.013888888888888895,57,0,0.0,0.022641509433962263,4.754385964912281,81.42407894736841
1565,-0.04228219696969696,243,0,0.0,0.02028397565922921,4.127572016460905,68.82754208754211
1566,-0.007809117965367967,209,9,0.0430622009569378,0.021683673469387755,3.8851674641148324,84.32990430622012
1567,0.06818181818181819,73,0,0.0,0.018292682926829267,4.671232876712328,66.62631849315069
1568,0.25925925925925924,145,0,0.0,0.024630541871921183,4.268965517241379,71.74846982758622
1569,0.1660416666666667,188,1,0.005319148936170213,0.036241610738255034,4.117021276595745,84.91029411764707
1570,0.005500972457494186,237,1,0.004219409282700422,0.023711340206185566,4.185654008438819,79.71423655063293
1571,0.07458333333333333,228,0,0.0,0.02286282306163022,4.587719298245614,63.61767206477735
1572,0.1,56,0,0.0,0.02032520325203252,4.482142857142857,70.25714285714287
1573,0.12796884185773075,405,0,0.0,0.031914893617021274,4.325925925925926,76.10000000000004
1574,0.19696969696969696,137,1,0.0072992700729927005,0.05663716814159292,4.357664233576642,81.07120320855618
1575,0.1779292929292929,193,0,0.0,0.020757020757020756,4.362694300518135,71.47176136363638
1576,0.06907814407814408,122,0,0.0,0.035849056603773584,4.442622950819672,62.79686885245904
1577,0.013750000000000002,134,0,0.0,0.021739130434782608,4.223880597014926,73.05024875621893
1578,0.133,74,0,0.0,0.017241379310344827,4.837837837837838,67.1994864864865
1579,-0.12619047619047621,70,0,0.0,0.0313588850174216,4.228571428571429,77.76190476190477
1580,0.11539473684210526,208,4,0.019230769230769232,0.03160270880361174,4.3798076923076925,56.60806402439026
1581,-0.010156249999999992,134,2,0.014925373134328358,0.02280130293159609,4.686567164179104,49.69054726368162
1582,-0.004545454545454555,107,2,0.018691588785046728,0.02242152466367713,4.336448598130841,71.49862733644862
1583,-0.11194885361552027,301,1,0.0033222591362126247,0.01698841698841699,4.451827242524917,64.68992307692308
1584,0.16636363636363635,75,0,0.0,0.030395136778115502,4.533333333333333,71.19550000000001
1585,-0.15174258109040717,345,1,0.002898550724637681,0.03253652058432935,4.576811594202899,67.79652173913047
1586,-0.05168970814132105,435,0,0.0,0.03111353711790393,4.3517241379310345,72.38568302387269
1587,-0.01239718614718616,283,1,0.0035335689045936395,0.026455026455026454,4.070671378091872,75.88289421378094
1588,-0.034270833333333334,151,1,0.006622516556291391,0.036544850498338874,4.145695364238411,84.21042745334138
1589,0.19064102564102564,144,0,0.0,0.02533783783783784,4.194444444444445,70.80500000000002
1590,0.09206349206349206,60,0,0.0,0.027559055118110236,4.3,69.50500000000004
1591,0.057954545454545474,255,0,0.0,0.02357207615593835,4.466666666666667,63.84036764705884
1592,-0.04675925925925926,154,0,0.0,0.018691588785046728,4.298701298701299,69.18586038961041
1593,-0.1056818181818182,77,0,0.0,0.04013377926421405,4.025974025974026,88.29419642857144
1594,-0.06680555555555555,127,0,0.0,0.025048169556840076,4.196850393700787,77.47778051181103
1595,0.29642857142857143,131,1,0.007633587786259542,0.034013605442176874,4.694656488549619,62.34567270992369
1596,0.13226495726495727,121,2,0.01652892561983471,0.022556390977443608,4.545454545454546,54.47505165289259
1597,0.2336111111111111,141,0,0.0,0.017857142857142856,4.468085106382978,61.59000000000003
1598,0.21666666666666665,86,0,0.0,0.031791907514450865,4.22093023255814,79.15875968992252
1599,0.06172839506172839,260,1,0.0038461538461538464,0.03835360149672591,4.246153846153846,64.84115384615387
